user_id,city,gender,acquisition_channel,registered_date,last_active_date
20230101-00000001,south_tangerang,female,organic,2023-01-01,2026-05-03
20230101-00000002,tangerang_city,female,organic,2023-01-01,2026-05-24
20230101-00000003,west_jakarta,female,organic,2023-01-01,2026-05-11
20230101-00000004,south_tangerang,female,paid,2023-01-01,2026-06-04
20230101-00000005,south_tangerang,male,organic,2023-01-01,2026-02-10
20230101-00000006,south_tangerang,female,paid,2023-01-01,2026-06-02
20230101-00000007,central_jakarta,male,paid,2023-01-01,2026-03-27
20230101-00000008,south_jakarta,female,organic,2023-01-01,2026-06-06
20230101-00000009,central_jakarta,male,organic,2023-01-01,2026-05-22
20230101-00000010,south_jakarta,male,organic,2023-01-01,2026-04-26
20230101-00000011,east_jakarta,male,paid,2023-01-01,2026-04-10
20230101-00000012,south_tangerang,female,organic,2023-01-01,2026-06-03
20230101-00000013,south_jakarta,female,organic,2023-01-01,2026-02-08
20230101-00000014,south_jakarta,male,organic,2023-01-01,2026-05-09
20230101-00000015,east_jakarta,male,organic,2023-01-01,2026-04-16
20230101-00000016,central_jakarta,female,paid,2023-01-01,2026-02-16
20230101-00000017,central_jakarta,male,organic,2023-01-01,2026-06-19
20230101-00000018,central_jakarta,female,organic,2023-01-01,2026-06-09
20230101-00000019,west_jakarta,female,organic,2023-01-01,2026-05-31
20230101-00000020,central_jakarta,male,organic,2023-01-01,2026-06-13
20230101-00000021,west_jakarta,female,organic,2023-01-01,2026-01-22
20230101-00000022,west_jakarta,male,organic,2023-01-01,2026-06-10
20230101-00000023,west_jakarta,female,paid,2023-01-01,2026-05-07
20230101-00000024,east_jakarta,female,paid,2023-01-01,2026-06-15
20230101-00000025,east_jakarta,female,paid,2023-01-01,2026-05-24
20230101-00000026,north_jakarta,female,paid,2023-01-01,2026-04-04
20230101-00000027,east_jakarta,female,organic,2023-01-01,2026-06-14
20230101-00000028,tangerang_city,female,organic,2023-01-01,2025-11-28
20230101-00000029,north_jakarta,female,organic,2023-01-01,2026-05-06
20230101-00000030,south_jakarta,male,organic,2023-01-01,2026-06-14
20230101-00000031,west_jakarta,female,paid,2023-01-01,2026-02-07
20230101-00000032,tangerang_city,female,paid,2023-01-01,2026-04-27
20230101-00000033,central_jakarta,male,organic,2023-01-01,2026-06-19
20230101-00000034,north_jakarta,male,organic,2023-01-01,2026-06-08
20230101-00000035,south_jakarta,female,organic,2023-01-01,2026-03-07
20230101-00000036,tangerang_city,male,paid,2023-01-01,2026-06-09
20230101-00000037,east_jakarta,male,organic,2023-01-01,2026-03-08
20230101-00000038,central_jakarta,male,organic,2023-01-01,2026-05-23
20230101-00000039,west_jakarta,female,organic,2023-01-01,2026-05-06
20230101-00000040,tangerang_city,female,paid,2023-01-01,2026-05-12
20230101-00000041,central_jakarta,male,organic,2023-01-01,2026-05-31
20230101-00000042,central_jakarta,female,paid,2023-01-01,2026-06-19
20230101-00000043,central_jakarta,male,organic,2023-01-01,2026-05-10
20230101-00000044,south_tangerang,female,organic,2023-01-01,2026-05-09
20230101-00000045,south_tangerang,female,paid,2023-01-01,2026-06-07
20230101-00000046,central_jakarta,female,organic,2023-01-01,2026-06-16
20230101-00000047,central_jakarta,female,paid,2023-01-01,2026-04-03
20230101-00000048,west_jakarta,female,organic,2023-01-01,2026-05-05
20230102-00000049,east_jakarta,male,organic,2023-01-02,2026-06-06
20230103-00000050,tangerang_city,male,organic,2023-01-03,2026-05-16
20230103-00000051,south_jakarta,male,organic,2023-01-03,2026-05-29
20230103-00000052,south_jakarta,female,organic,2023-01-03,2026-06-14
20230103-00000053,south_jakarta,male,organic,2023-01-03,2026-06-12
20230103-00000054,east_jakarta,female,paid,2023-01-03,2026-03-14
20230103-00000055,south_jakarta,male,organic,2023-01-03,2026-04-30
20230104-00000056,north_jakarta,male,organic,2023-01-04,2026-05-29
20230104-00000057,west_jakarta,female,organic,2023-01-04,2026-04-03
20230104-00000058,south_jakarta,male,organic,2023-01-04,2026-02-13
20230104-00000059,north_jakarta,male,paid,2023-01-04,2026-05-31
20230105-00000060,south_jakarta,male,paid,2023-01-05,2026-05-27
20230105-00000061,west_jakarta,female,organic,2023-01-05,2026-03-14
20230105-00000062,north_jakarta,male,organic,2023-01-05,2026-02-17
20230106-00000063,south_jakarta,male,paid,2023-01-06,2026-03-18
20230107-00000064,central_jakarta,female,organic,2023-01-07,2026-06-08
20230107-00000065,central_jakarta,female,paid,2023-01-07,2026-01-31
20230107-00000066,west_jakarta,female,paid,2023-01-07,2026-03-06
20230107-00000067,west_jakarta,female,paid,2023-01-07,2026-06-18
20230107-00000068,west_jakarta,male,paid,2023-01-07,2026-06-02
20230108-00000069,central_jakarta,male,paid,2023-01-08,2026-03-01
20230108-00000070,north_jakarta,male,organic,2023-01-08,2026-01-25
20230108-00000071,tangerang_city,male,paid,2023-01-08,2026-03-21
20230109-00000072,west_jakarta,male,paid,2023-01-09,2026-03-03
20230109-00000073,west_jakarta,male,paid,2023-01-09,2026-06-02
20230109-00000074,tangerang_city,female,paid,2023-01-09,2026-05-15
20230109-00000075,west_jakarta,female,paid,2023-01-09,2026-06-10
20230109-00000076,south_jakarta,male,organic,2023-01-09,2026-05-20
20230109-00000077,east_jakarta,female,organic,2023-01-09,2026-06-15
20230109-00000078,north_jakarta,female,organic,2023-01-09,2026-04-03
20230109-00000079,west_jakarta,male,paid,2023-01-09,2026-05-01
20230110-00000080,central_jakarta,male,paid,2023-01-10,2026-04-13
20230110-00000081,south_jakarta,female,paid,2023-01-10,2026-05-07
20230110-00000082,west_jakarta,male,paid,2023-01-10,2026-05-20
20230111-00000083,west_jakarta,male,organic,2023-01-11,2026-06-16
20230111-00000084,central_jakarta,male,organic,2023-01-11,2026-03-15
20230111-00000085,central_jakarta,female,organic,2023-01-11,2026-02-26
20230112-00000086,north_jakarta,male,organic,2023-01-12,2026-05-26
20230112-00000087,north_jakarta,female,organic,2023-01-12,2026-03-30
20230112-00000088,south_jakarta,male,organic,2023-01-12,2026-06-16
20230112-00000089,east_jakarta,male,organic,2023-01-12,2026-06-07
20230113-00000090,south_jakarta,male,organic,2023-01-13,2026-02-16
20230113-00000091,west_jakarta,female,organic,2023-01-13,2026-04-19
20230113-00000092,east_jakarta,male,paid,2023-01-13,2026-06-14
20230114-00000093,north_jakarta,female,organic,2023-01-14,2026-03-14
20230114-00000094,west_jakarta,female,organic,2023-01-14,2026-05-16
20230114-00000095,central_jakarta,female,organic,2023-01-14,2026-06-13
20230114-00000096,west_jakarta,female,paid,2023-01-14,2026-05-02
20230115-00000097,south_jakarta,male,organic,2023-01-15,2026-02-27
20230115-00000098,east_jakarta,female,organic,2023-01-15,2026-02-13
20230115-00000099,north_jakarta,female,organic,2023-01-15,2026-06-04
20230115-00000100,south_jakarta,male,organic,2023-01-15,2026-05-14
20230115-00000101,west_jakarta,male,paid,2023-01-15,2026-06-14
20230115-00000102,north_jakarta,male,organic,2023-01-15,2026-05-30
20230115-00000103,south_jakarta,female,organic,2023-01-15,2026-01-03
20230116-00000104,south_jakarta,male,paid,2023-01-16,2026-06-14
20230117-00000105,south_tangerang,male,organic,2023-01-17,2026-03-29
20230117-00000106,south_jakarta,male,organic,2023-01-17,2026-05-24
20230119-00000107,central_jakarta,male,organic,2023-01-19,2026-06-16
20230119-00000108,east_jakarta,male,paid,2023-01-19,2026-06-10
20230119-00000109,central_jakarta,male,organic,2023-01-19,2026-05-09
20230120-00000110,east_jakarta,female,organic,2023-01-20,2026-05-31
20230121-00000111,south_jakarta,male,organic,2023-01-21,2026-05-31
20230121-00000112,central_jakarta,male,organic,2023-01-21,2026-05-31
20230121-00000113,south_jakarta,male,paid,2023-01-21,2026-04-24
20230121-00000114,central_jakarta,male,paid,2023-01-21,2026-05-31
20230121-00000115,tangerang_city,male,organic,2023-01-21,2026-06-12
20230122-00000116,tangerang_city,male,paid,2023-01-22,2026-05-27
20230122-00000117,south_jakarta,female,organic,2023-01-22,2026-04-23
20230122-00000118,west_jakarta,male,paid,2023-01-22,2026-06-07
20230122-00000119,south_tangerang,male,paid,2023-01-22,2026-06-07
20230122-00000120,south_jakarta,female,organic,2023-01-22,2026-04-27
20230123-00000121,south_jakarta,male,paid,2023-01-23,2026-06-13
20230123-00000122,south_jakarta,female,paid,2023-01-23,2026-05-27
20230123-00000123,east_jakarta,male,paid,2023-01-23,2026-03-29
20230123-00000124,central_jakarta,male,organic,2023-01-23,2026-05-22
20230124-00000125,north_jakarta,male,paid,2023-01-24,2026-04-19
20230124-00000126,west_jakarta,male,organic,2023-01-24,2026-05-12
20230124-00000127,south_jakarta,male,organic,2023-01-24,2026-06-18
20230125-00000128,south_tangerang,male,paid,2023-01-25,2026-04-26
20230126-00000129,central_jakarta,male,organic,2023-01-26,2026-06-10
20230126-00000130,north_jakarta,male,organic,2023-01-26,2026-01-17
20230126-00000131,north_jakarta,male,paid,2023-01-26,2026-06-13
20230127-00000132,central_jakarta,male,organic,2023-01-27,2026-05-09
20230127-00000133,south_jakarta,female,paid,2023-01-27,2026-06-09
20230127-00000134,east_jakarta,female,organic,2023-01-27,2026-05-20
20230127-00000135,tangerang_city,female,paid,2023-01-27,2026-02-01
20230127-00000136,west_jakarta,male,organic,2023-01-27,2026-06-07
20230127-00000137,south_jakarta,male,organic,2023-01-27,2026-04-08
20230127-00000138,south_jakarta,female,organic,2023-01-27,2026-06-08
20230128-00000139,east_jakarta,female,paid,2023-01-28,2026-06-16
20230128-00000140,central_jakarta,male,paid,2023-01-28,2026-05-31
20230128-00000141,north_jakarta,male,organic,2023-01-28,2026-06-10
20230128-00000142,south_jakarta,male,organic,2023-01-28,2026-06-18
20230128-00000143,south_jakarta,female,organic,2023-01-28,2026-06-04
20230128-00000144,west_jakarta,female,organic,2023-01-28,2026-05-18
20230128-00000145,tangerang_city,male,paid,2023-01-28,2026-02-28
20230128-00000146,north_jakarta,female,organic,2023-01-28,2026-04-23
20230128-00000147,south_jakarta,female,paid,2023-01-28,2026-06-04
20230129-00000148,west_jakarta,male,organic,2023-01-29,2026-05-21
20230129-00000149,south_jakarta,female,organic,2023-01-29,2026-06-19
20230129-00000150,north_jakarta,male,organic,2023-01-29,2026-05-18
20230129-00000151,north_jakarta,male,paid,2023-01-29,2026-03-31
20230130-00000152,south_tangerang,female,organic,2023-01-30,2026-06-07
20230130-00000153,east_jakarta,male,paid,2023-01-30,2026-04-04
20230130-00000154,south_jakarta,male,organic,2023-01-30,2026-06-14
20230130-00000155,south_jakarta,female,organic,2023-01-30,2026-06-14
20230131-00000156,south_jakarta,male,paid,2023-01-31,2026-06-17
20230131-00000157,central_jakarta,female,organic,2023-01-31,2026-05-22
20230201-00000158,south_jakarta,female,organic,2023-02-01,2026-01-11
20230201-00000159,tangerang_city,male,paid,2023-02-01,2026-04-19
20230201-00000160,south_jakarta,female,paid,2023-02-01,2026-03-14
20230201-00000161,west_jakarta,male,organic,2023-02-01,2026-06-14
20230202-00000162,central_jakarta,female,organic,2023-02-02,2026-05-29
20230202-00000163,north_jakarta,male,organic,2023-02-02,2026-04-04
20230202-00000164,south_jakarta,female,organic,2023-02-02,2026-05-31
20230202-00000165,east_jakarta,female,organic,2023-02-02,2026-02-01
20230203-00000166,central_jakarta,male,paid,2023-02-03,2026-03-03
20230203-00000167,central_jakarta,female,organic,2023-02-03,2026-06-16
20230203-00000168,south_tangerang,male,organic,2023-02-03,2026-04-17
20230204-00000169,tangerang_city,female,paid,2023-02-04,2026-02-18
20230204-00000170,south_jakarta,female,organic,2023-02-04,2026-05-31
20230204-00000171,west_jakarta,female,paid,2023-02-04,2026-05-07
20230204-00000172,south_jakarta,male,organic,2023-02-04,2026-06-19
20230205-00000173,south_tangerang,male,organic,2023-02-05,2026-02-12
20230205-00000174,south_tangerang,female,paid,2023-02-05,2026-05-31
20230205-00000175,south_jakarta,male,paid,2023-02-05,2026-06-13
20230205-00000176,tangerang_city,male,paid,2023-02-05,2026-06-09
20230205-00000177,west_jakarta,female,paid,2023-02-05,2026-05-14
20230206-00000178,central_jakarta,female,organic,2023-02-06,2026-05-29
20230206-00000179,south_jakarta,male,paid,2023-02-06,2026-01-05
20230206-00000180,tangerang_city,male,organic,2023-02-06,2026-05-02
20230207-00000181,south_jakarta,male,organic,2023-02-07,2026-03-14
20230207-00000182,west_jakarta,male,organic,2023-02-07,2026-06-15
20230207-00000183,west_jakarta,male,organic,2023-02-07,2026-05-24
20230208-00000184,east_jakarta,male,organic,2023-02-08,2026-06-07
20230208-00000185,central_jakarta,female,organic,2023-02-08,2026-05-02
20230208-00000186,south_jakarta,female,paid,2023-02-08,2026-04-30
20230208-00000187,south_jakarta,male,paid,2023-02-08,2026-05-03
20230208-00000188,south_jakarta,male,paid,2023-02-08,2026-06-11
20230208-00000189,tangerang_city,female,organic,2023-02-08,2026-05-06
20230209-00000190,north_jakarta,female,paid,2023-02-09,2026-06-19
20230209-00000191,south_jakarta,male,organic,2023-02-09,2026-05-11
20230210-00000192,east_jakarta,male,paid,2023-02-10,2025-12-18
20230210-00000193,south_jakarta,female,organic,2023-02-10,2026-04-01
20230210-00000194,south_jakarta,male,organic,2023-02-10,2026-06-14
20230210-00000195,west_jakarta,male,organic,2023-02-10,2026-06-15
20230210-00000196,south_jakarta,female,paid,2023-02-10,2026-05-28
20230211-00000197,south_tangerang,male,organic,2023-02-11,2026-05-23
20230211-00000198,north_jakarta,female,organic,2023-02-11,2026-06-06
20230211-00000199,east_jakarta,female,paid,2023-02-11,2026-05-19
20230211-00000200,central_jakarta,male,paid,2023-02-11,2026-06-09
20230211-00000201,west_jakarta,male,organic,2023-02-11,2026-06-02
20230211-00000202,west_jakarta,male,paid,2023-02-11,2026-06-14
20230211-00000203,central_jakarta,male,organic,2023-02-11,2026-06-15
20230212-00000204,central_jakarta,male,organic,2023-02-12,2026-04-11
20230212-00000205,south_tangerang,female,organic,2023-02-12,2026-04-12
20230212-00000206,east_jakarta,male,paid,2023-02-12,2026-05-16
20230212-00000207,east_jakarta,male,paid,2023-02-12,2026-06-10
20230212-00000208,west_jakarta,male,organic,2023-02-12,2025-12-21
20230213-00000209,west_jakarta,female,paid,2023-02-13,2026-06-03
20230213-00000210,south_tangerang,male,organic,2023-02-13,2026-06-05
20230213-00000211,south_jakarta,female,organic,2023-02-13,2026-05-24
20230214-00000212,north_jakarta,male,paid,2023-02-14,2026-06-13
20230214-00000213,tangerang_city,female,organic,2023-02-14,2026-04-04
20230215-00000214,north_jakarta,female,paid,2023-02-15,2026-06-19
20230215-00000215,east_jakarta,female,organic,2023-02-15,2026-05-02
20230216-00000216,tangerang_city,male,organic,2023-02-16,2026-05-09
20230216-00000217,east_jakarta,female,organic,2023-02-16,2026-03-07
20230217-00000218,east_jakarta,female,paid,2023-02-17,2026-06-17
20230217-00000219,east_jakarta,male,organic,2023-02-17,2026-05-08
20230218-00000220,east_jakarta,female,paid,2023-02-18,2026-04-20
20230218-00000221,central_jakarta,male,paid,2023-02-18,2026-04-25
20230218-00000222,east_jakarta,female,organic,2023-02-18,2026-05-20
20230218-00000223,west_jakarta,female,paid,2023-02-18,2026-04-22
20230218-00000224,tangerang_city,male,paid,2023-02-18,2026-06-16
20230218-00000225,south_jakarta,male,organic,2023-02-18,2026-06-16
20230218-00000226,tangerang_city,male,paid,2023-02-18,2026-05-07
20230218-00000227,north_jakarta,female,organic,2023-02-18,2026-03-01
20230219-00000228,west_jakarta,male,organic,2023-02-19,2026-05-09
20230219-00000229,south_jakarta,male,paid,2023-02-19,2026-05-22
20230219-00000230,tangerang_city,male,organic,2023-02-19,2026-06-14
20230219-00000231,tangerang_city,female,paid,2023-02-19,2026-06-19
20230220-00000232,south_jakarta,female,paid,2023-02-20,2026-04-26
20230220-00000233,south_tangerang,female,organic,2023-02-20,2026-06-12
20230221-00000234,north_jakarta,female,organic,2023-02-21,2026-05-16
20230221-00000235,north_jakarta,male,organic,2023-02-21,2026-03-03
20230221-00000236,central_jakarta,male,organic,2023-02-21,2025-11-01
20230221-00000237,south_jakarta,male,paid,2023-02-21,2026-02-18
20230222-00000238,tangerang_city,male,paid,2023-02-22,2026-02-01
20230222-00000239,south_jakarta,male,organic,2023-02-22,2026-05-10
20230223-00000240,south_jakarta,male,paid,2023-02-23,2026-06-08
20230223-00000241,tangerang_city,male,paid,2023-02-23,2026-06-19
20230224-00000242,central_jakarta,male,paid,2023-02-24,2026-03-08
20230225-00000243,west_jakarta,male,organic,2023-02-25,2025-12-14
20230225-00000244,central_jakarta,female,paid,2023-02-25,2026-05-10
20230225-00000245,north_jakarta,female,organic,2023-02-25,2026-06-01
20230225-00000246,west_jakarta,male,organic,2023-02-25,2026-05-18
20230226-00000247,south_tangerang,male,organic,2023-02-26,2026-06-19
20230226-00000248,east_jakarta,female,organic,2023-02-26,2026-05-17
20230226-00000249,east_jakarta,female,organic,2023-02-26,2026-03-08
20230226-00000250,west_jakarta,female,organic,2023-02-26,2026-06-19
20230226-00000251,central_jakarta,male,paid,2023-02-26,2026-06-16
20230226-00000252,east_jakarta,male,organic,2023-02-26,2026-05-09
20230227-00000253,tangerang_city,female,organic,2023-02-27,2026-04-18
20230227-00000254,north_jakarta,male,organic,2023-02-27,2026-06-19
20230227-00000255,south_jakarta,female,paid,2023-02-27,2026-06-07
20230228-00000256,tangerang_city,male,paid,2023-02-28,2026-06-13
20230228-00000257,east_jakarta,female,organic,2023-02-28,2026-05-02
20230228-00000258,west_jakarta,male,organic,2023-02-28,2026-04-08
20230228-00000259,south_jakarta,male,organic,2023-02-28,2026-06-11
20230228-00000260,central_jakarta,male,organic,2023-02-28,2026-06-05
20230301-00000261,south_tangerang,female,organic,2023-03-01,2026-02-02
20230301-00000262,west_jakarta,male,paid,2023-03-01,2026-03-26
20230301-00000263,central_jakarta,female,paid,2023-03-01,2026-06-03
20230301-00000264,east_jakarta,female,paid,2023-03-01,2026-06-19
20230301-00000265,south_jakarta,female,organic,2023-03-01,2026-06-17
20230302-00000266,south_tangerang,male,paid,2023-03-02,2026-05-28
20230302-00000267,south_jakarta,male,organic,2023-03-02,2026-06-05
20230303-00000268,south_jakarta,male,organic,2023-03-03,2026-05-04
20230303-00000269,south_jakarta,female,organic,2023-03-03,2026-02-07
20230303-00000270,south_tangerang,male,paid,2023-03-03,2026-01-19
20230304-00000271,south_tangerang,female,organic,2023-03-04,2026-03-25
20230304-00000272,west_jakarta,female,paid,2023-03-04,2026-04-05
20230304-00000273,south_jakarta,female,paid,2023-03-04,2026-01-04
20230304-00000274,central_jakarta,female,organic,2023-03-04,2026-04-10
20230304-00000275,west_jakarta,male,organic,2023-03-04,2026-06-17
20230304-00000276,south_jakarta,female,organic,2023-03-04,2026-01-31
20230305-00000277,central_jakarta,male,organic,2023-03-05,2026-06-07
20230305-00000278,tangerang_city,female,organic,2023-03-05,2026-06-14
20230305-00000279,tangerang_city,male,organic,2023-03-05,2025-12-23
20230305-00000280,west_jakarta,female,paid,2023-03-05,2026-04-19
20230305-00000281,east_jakarta,female,organic,2023-03-05,2026-04-24
20230305-00000282,south_jakarta,female,paid,2023-03-05,2026-05-31
20230306-00000283,south_jakarta,male,organic,2023-03-06,2026-06-09
20230306-00000284,south_tangerang,male,organic,2023-03-06,2026-05-20
20230306-00000285,south_jakarta,male,organic,2023-03-06,2026-06-02
20230306-00000286,south_tangerang,female,paid,2023-03-06,2026-06-11
20230307-00000287,south_jakarta,male,organic,2023-03-07,2026-06-14
20230307-00000288,central_jakarta,male,organic,2023-03-07,2026-03-01
20230307-00000289,west_jakarta,female,organic,2023-03-07,2026-03-02
20230307-00000290,east_jakarta,male,paid,2023-03-07,2026-01-01
20230307-00000291,north_jakarta,male,organic,2023-03-07,2026-03-31
20230308-00000292,north_jakarta,male,organic,2023-03-08,2026-04-01
20230308-00000293,south_jakarta,female,organic,2023-03-08,2026-05-21
20230308-00000294,west_jakarta,male,organic,2023-03-08,2026-05-20
20230309-00000295,south_jakarta,male,organic,2023-03-09,2026-06-08
20230309-00000296,south_jakarta,female,organic,2023-03-09,2026-05-24
20230309-00000297,north_jakarta,male,paid,2023-03-09,2026-04-11
20230309-00000298,south_jakarta,female,paid,2023-03-09,2026-06-12
20230310-00000299,central_jakarta,male,organic,2023-03-10,2026-03-21
20230310-00000300,west_jakarta,male,paid,2023-03-10,2026-06-14
20230310-00000301,north_jakarta,male,organic,2023-03-10,2026-04-18
20230311-00000302,west_jakarta,male,paid,2023-03-11,2026-01-10
20230311-00000303,central_jakarta,female,organic,2023-03-11,2026-06-09
20230311-00000304,south_jakarta,female,organic,2023-03-11,2026-04-03
20230311-00000305,south_tangerang,female,organic,2023-03-11,2026-05-17
20230312-00000306,north_jakarta,male,paid,2023-03-12,2026-02-15
20230312-00000307,central_jakarta,female,paid,2023-03-12,2026-01-29
20230313-00000308,north_jakarta,female,paid,2023-03-13,2026-03-12
20230313-00000309,central_jakarta,female,organic,2023-03-13,2026-06-16
20230314-00000310,north_jakarta,female,paid,2023-03-14,2026-04-01
20230314-00000311,west_jakarta,female,organic,2023-03-14,2026-05-03
20230314-00000312,south_tangerang,female,organic,2023-03-14,2026-03-12
20230314-00000313,west_jakarta,female,organic,2023-03-14,2026-04-26
20230315-00000314,south_jakarta,male,organic,2023-03-15,2026-01-18
20230315-00000315,east_jakarta,male,organic,2023-03-15,2026-05-18
20230316-00000316,central_jakarta,female,organic,2023-03-16,2026-05-29
20230316-00000317,tangerang_city,female,paid,2023-03-16,2026-02-28
20230317-00000318,east_jakarta,female,paid,2023-03-17,2026-06-18
20230317-00000319,west_jakarta,male,organic,2023-03-17,2026-05-12
20230317-00000320,south_tangerang,female,paid,2023-03-17,2026-06-13
20230317-00000321,west_jakarta,female,organic,2023-03-17,2026-05-12
20230318-00000322,west_jakarta,male,organic,2023-03-18,2026-05-28
20230318-00000323,central_jakarta,female,organic,2023-03-18,2026-06-12
20230318-00000324,south_jakarta,male,organic,2023-03-18,2026-05-11
20230319-00000325,south_tangerang,male,organic,2023-03-19,2026-02-01
20230319-00000326,west_jakarta,male,organic,2023-03-19,2026-04-30
20230319-00000327,south_jakarta,male,organic,2023-03-19,2026-05-05
20230319-00000328,east_jakarta,male,organic,2023-03-19,2026-03-26
20230319-00000329,east_jakarta,male,paid,2023-03-19,2026-06-16
20230319-00000330,tangerang_city,female,organic,2023-03-19,2026-02-22
20230319-00000331,tangerang_city,male,paid,2023-03-19,2026-05-23
20230319-00000332,central_jakarta,female,organic,2023-03-19,2026-05-27
20230320-00000333,south_jakarta,male,paid,2023-03-20,2026-05-10
20230320-00000334,tangerang_city,female,organic,2023-03-20,2026-06-13
20230320-00000335,north_jakarta,female,paid,2023-03-20,2026-05-16
20230321-00000336,south_jakarta,female,organic,2023-03-21,2025-10-25
20230322-00000337,tangerang_city,female,paid,2023-03-22,2026-04-25
20230322-00000338,west_jakarta,male,paid,2023-03-22,2026-06-14
20230322-00000339,tangerang_city,female,paid,2023-03-22,2026-04-04
20230323-00000340,central_jakarta,male,organic,2023-03-23,2026-05-31
20230323-00000341,tangerang_city,male,paid,2023-03-23,2026-06-07
20230323-00000342,west_jakarta,female,paid,2023-03-23,2026-03-02
20230323-00000343,south_jakarta,male,organic,2023-03-23,2026-01-24
20230324-00000344,west_jakarta,male,organic,2023-03-24,2026-04-12
20230324-00000345,south_jakarta,male,organic,2023-03-24,2026-01-23
20230324-00000346,north_jakarta,male,organic,2023-03-24,2026-05-15
20230324-00000347,south_jakarta,male,paid,2023-03-24,2026-06-09
20230324-00000348,east_jakarta,male,paid,2023-03-24,2026-03-28
20230325-00000349,south_jakarta,female,organic,2023-03-25,2026-06-10
20230325-00000350,south_jakarta,male,organic,2023-03-25,2026-06-07
20230325-00000351,tangerang_city,male,paid,2023-03-25,2026-06-10
20230325-00000352,north_jakarta,female,paid,2023-03-25,2026-06-04
20230325-00000353,east_jakarta,male,organic,2023-03-25,2026-06-13
20230325-00000354,central_jakarta,female,organic,2023-03-25,2026-05-30
20230326-00000355,tangerang_city,female,paid,2023-03-26,2026-03-29
20230326-00000356,west_jakarta,female,organic,2023-03-26,2026-04-15
20230326-00000357,east_jakarta,female,paid,2023-03-26,2026-05-11
20230326-00000358,central_jakarta,male,organic,2023-03-26,2026-06-19
20230326-00000359,south_tangerang,male,organic,2023-03-26,2026-06-03
20230326-00000360,tangerang_city,male,organic,2023-03-26,2026-03-04
20230326-00000361,central_jakarta,female,organic,2023-03-26,2026-04-26
20230327-00000362,south_jakarta,female,paid,2023-03-27,2026-03-07
20230327-00000363,west_jakarta,male,organic,2023-03-27,2026-06-15
20230327-00000364,north_jakarta,male,organic,2023-03-27,2026-05-31
20230327-00000365,south_jakarta,male,organic,2023-03-27,2026-04-12
20230328-00000366,north_jakarta,male,organic,2023-03-28,2026-01-24
20230328-00000367,north_jakarta,female,organic,2023-03-28,2026-03-23
20230328-00000368,south_jakarta,male,organic,2023-03-28,2026-02-07
20230328-00000369,tangerang_city,female,paid,2023-03-28,2026-05-24
20230329-00000370,tangerang_city,male,organic,2023-03-29,2026-05-29
20230329-00000371,north_jakarta,male,organic,2023-03-29,2026-06-07
20230330-00000372,south_jakarta,female,organic,2023-03-30,2026-01-03
20230330-00000373,tangerang_city,female,organic,2023-03-30,2026-05-22
20230331-00000374,west_jakarta,male,paid,2023-03-31,2026-04-12
20230331-00000375,north_jakarta,male,organic,2023-03-31,2025-12-19
20230331-00000376,central_jakarta,male,organic,2023-03-31,2026-06-14
20230331-00000377,south_jakarta,female,organic,2023-03-31,2026-04-12
20230331-00000378,east_jakarta,female,organic,2023-03-31,2026-05-02
20230331-00000379,south_jakarta,female,organic,2023-03-31,2026-04-25
20230401-00000380,north_jakarta,female,organic,2023-04-01,2025-09-26
20230401-00000381,south_tangerang,female,paid,2023-04-01,2026-04-12
20230401-00000382,south_jakarta,male,paid,2023-04-01,2026-01-24
20230401-00000383,east_jakarta,female,organic,2023-04-01,2026-01-25
20230401-00000384,north_jakarta,male,paid,2023-04-01,2026-05-30
20230401-00000385,central_jakarta,male,paid,2023-04-01,2026-01-23
20230402-00000386,central_jakarta,female,organic,2023-04-02,2026-06-13
20230402-00000387,north_jakarta,female,organic,2023-04-02,2026-03-21
20230402-00000388,tangerang_city,male,paid,2023-04-02,2026-06-10
20230402-00000389,central_jakarta,male,organic,2023-04-02,2026-06-13
20230402-00000390,north_jakarta,male,paid,2023-04-02,2026-04-21
20230403-00000391,south_jakarta,female,paid,2023-04-03,2026-04-04
20230403-00000392,west_jakarta,female,organic,2023-04-03,2026-05-23
20230403-00000393,central_jakarta,female,organic,2023-04-03,2026-06-06
20230404-00000394,central_jakarta,female,organic,2023-04-04,2026-05-18
20230404-00000395,central_jakarta,female,organic,2023-04-04,2026-02-02
20230405-00000396,north_jakarta,female,paid,2023-04-05,2026-05-09
20230405-00000397,west_jakarta,male,organic,2023-04-05,2026-06-13
20230405-00000398,south_jakarta,male,paid,2023-04-05,2026-06-05
20230405-00000399,south_tangerang,female,paid,2023-04-05,2026-02-27
20230405-00000400,south_tangerang,male,paid,2023-04-05,2026-02-15
20230406-00000401,tangerang_city,female,paid,2023-04-06,2026-05-03
20230406-00000402,south_jakarta,female,organic,2023-04-06,2026-01-17
20230407-00000403,south_jakarta,female,paid,2023-04-07,2026-04-11
20230407-00000404,south_jakarta,female,paid,2023-04-07,2026-03-14
20230408-00000405,west_jakarta,male,paid,2023-04-08,2026-06-03
20230408-00000406,central_jakarta,male,paid,2023-04-08,2026-06-15
20230408-00000407,west_jakarta,female,organic,2023-04-08,2026-06-02
20230408-00000408,north_jakarta,male,paid,2023-04-08,2026-06-07
20230408-00000409,central_jakarta,male,organic,2023-04-08,2026-06-14
20230408-00000410,west_jakarta,male,organic,2023-04-08,2026-03-28
20230409-00000411,east_jakarta,female,organic,2023-04-09,2026-06-18
20230409-00000412,north_jakarta,male,organic,2023-04-09,2026-06-14
20230409-00000413,tangerang_city,female,organic,2023-04-09,2026-05-17
20230409-00000414,central_jakarta,male,paid,2023-04-09,2026-05-14
20230409-00000415,central_jakarta,female,paid,2023-04-09,2026-05-11
20230410-00000416,west_jakarta,male,organic,2023-04-10,2026-06-06
20230411-00000417,south_jakarta,male,paid,2023-04-11,2026-05-12
20230411-00000418,south_jakarta,male,paid,2023-04-11,2026-06-18
20230411-00000419,south_jakarta,female,organic,2023-04-11,2026-06-07
20230413-00000420,south_jakarta,female,organic,2023-04-13,2026-04-26
20230413-00000421,east_jakarta,female,paid,2023-04-13,2026-05-26
20230413-00000422,west_jakarta,male,organic,2023-04-13,2026-06-14
20230414-00000423,central_jakarta,male,paid,2023-04-14,2026-05-18
20230414-00000424,west_jakarta,male,organic,2023-04-14,2026-06-06
20230415-00000425,south_tangerang,male,organic,2023-04-15,2026-06-06
20230416-00000426,south_tangerang,male,organic,2023-04-16,2026-02-09
20230416-00000427,west_jakarta,male,organic,2023-04-16,2026-06-17
20230416-00000428,south_jakarta,male,paid,2023-04-16,2026-05-26
20230416-00000429,east_jakarta,male,paid,2023-04-16,2026-03-30
20230417-00000430,south_jakarta,female,organic,2023-04-17,2026-05-23
20230417-00000431,central_jakarta,female,organic,2023-04-17,2026-02-09
20230418-00000432,south_jakarta,male,paid,2023-04-18,2026-05-29
20230418-00000433,north_jakarta,female,organic,2023-04-18,2026-05-18
20230418-00000434,tangerang_city,male,organic,2023-04-18,2026-06-16
20230418-00000435,south_jakarta,female,organic,2023-04-18,2026-06-18
20230418-00000436,central_jakarta,male,paid,2023-04-18,2026-05-12
20230419-00000437,south_tangerang,male,organic,2023-04-19,2026-06-06
20230419-00000438,central_jakarta,male,organic,2023-04-19,2026-05-21
20230421-00000439,east_jakarta,female,organic,2023-04-21,2026-06-19
20230421-00000440,tangerang_city,male,organic,2023-04-21,2026-03-14
20230421-00000441,south_tangerang,male,organic,2023-04-21,2026-03-01
20230422-00000442,central_jakarta,female,organic,2023-04-22,2026-05-04
20230422-00000443,south_jakarta,female,organic,2023-04-22,2026-04-05
20230422-00000444,central_jakarta,male,paid,2023-04-22,2026-04-19
20230422-00000445,central_jakarta,male,organic,2023-04-22,2026-03-12
20230422-00000446,central_jakarta,male,paid,2023-04-22,2026-06-19
20230423-00000447,south_jakarta,male,paid,2023-04-23,2026-04-07
20230423-00000448,north_jakarta,male,organic,2023-04-23,2026-01-04
20230423-00000449,north_jakarta,male,organic,2023-04-23,2026-04-19
20230424-00000450,west_jakarta,male,paid,2023-04-24,2026-05-23
20230424-00000451,tangerang_city,male,organic,2023-04-24,2026-06-09
20230424-00000452,north_jakarta,female,organic,2023-04-24,2026-03-14
20230424-00000453,south_tangerang,female,organic,2023-04-24,2026-06-13
20230424-00000454,south_tangerang,male,organic,2023-04-24,2026-02-01
20230425-00000455,tangerang_city,female,organic,2023-04-25,2026-03-05
20230425-00000456,north_jakarta,female,paid,2023-04-25,2026-04-10
20230425-00000457,south_jakarta,male,organic,2023-04-25,2026-05-21
20230426-00000458,central_jakarta,male,paid,2023-04-26,2026-02-13
20230426-00000459,south_jakarta,female,organic,2023-04-26,2026-06-07
20230428-00000460,central_jakarta,female,paid,2023-04-28,2026-06-13
20230428-00000461,central_jakarta,female,paid,2023-04-28,2025-12-04
20230428-00000462,tangerang_city,female,organic,2023-04-28,2026-01-28
20230428-00000463,central_jakarta,male,paid,2023-04-28,2026-03-19
20230429-00000464,east_jakarta,female,organic,2023-04-29,2026-02-22
20230429-00000465,south_jakarta,male,paid,2023-04-29,2026-06-18
20230430-00000466,east_jakarta,female,paid,2023-04-30,2026-02-08
20230430-00000467,tangerang_city,female,paid,2023-04-30,2026-05-12
20230430-00000468,north_jakarta,female,organic,2023-04-30,2026-03-15
20230430-00000469,tangerang_city,male,organic,2023-04-30,2026-06-09
20230501-00000470,north_jakarta,male,paid,2023-05-01,2026-06-09
20230501-00000471,west_jakarta,male,organic,2023-05-01,2026-02-20
20230501-00000472,east_jakarta,female,paid,2023-05-01,2026-05-03
20230501-00000473,central_jakarta,female,organic,2023-05-01,2026-06-14
20230502-00000474,central_jakarta,male,organic,2023-05-02,2026-06-16
20230503-00000475,west_jakarta,male,organic,2023-05-03,2026-06-01
20230503-00000476,west_jakarta,female,paid,2023-05-03,2026-06-14
20230503-00000477,north_jakarta,female,paid,2023-05-03,2026-06-15
20230504-00000478,west_jakarta,female,organic,2023-05-04,2026-04-21
20230504-00000479,south_jakarta,male,organic,2023-05-04,2026-05-03
20230504-00000480,south_jakarta,male,organic,2023-05-04,2026-04-16
20230504-00000481,tangerang_city,male,organic,2023-05-04,2026-06-01
20230504-00000482,south_jakarta,female,organic,2023-05-04,2026-03-30
20230505-00000483,central_jakarta,female,organic,2023-05-05,2026-06-06
20230505-00000484,south_tangerang,female,paid,2023-05-05,2026-05-24
20230505-00000485,north_jakarta,male,paid,2023-05-05,2026-04-11
20230505-00000486,east_jakarta,female,organic,2023-05-05,2026-06-03
20230505-00000487,north_jakarta,female,organic,2023-05-05,2026-05-31
20230506-00000488,south_tangerang,female,paid,2023-05-06,2026-06-14
20230506-00000489,tangerang_city,male,organic,2023-05-06,2026-05-24
20230506-00000490,central_jakarta,male,paid,2023-05-06,2026-03-26
20230506-00000491,west_jakarta,female,paid,2023-05-06,2026-04-20
20230506-00000492,north_jakarta,male,organic,2023-05-06,2025-11-28
20230506-00000493,north_jakarta,female,organic,2023-05-06,2026-04-11
20230507-00000494,tangerang_city,female,organic,2023-05-07,2026-01-29
20230507-00000495,south_jakarta,female,organic,2023-05-07,2026-06-14
20230507-00000496,north_jakarta,male,organic,2023-05-07,2026-04-16
20230507-00000497,east_jakarta,male,paid,2023-05-07,2026-05-13
20230507-00000498,west_jakarta,male,organic,2023-05-07,2026-04-15
20230507-00000499,west_jakarta,male,organic,2023-05-07,2026-04-25
20230508-00000500,east_jakarta,male,paid,2023-05-08,2026-05-11
20230508-00000501,tangerang_city,male,organic,2023-05-08,2026-04-11
20230508-00000502,north_jakarta,female,paid,2023-05-08,2026-01-26
20230509-00000503,central_jakarta,female,organic,2023-05-09,2026-05-10
20230509-00000504,south_jakarta,male,paid,2023-05-09,2026-05-17
20230509-00000505,east_jakarta,female,organic,2023-05-09,2026-05-12
20230509-00000506,south_tangerang,male,organic,2023-05-09,2026-06-15
20230510-00000507,south_tangerang,male,paid,2023-05-10,2026-04-17
20230510-00000508,south_jakarta,female,paid,2023-05-10,2026-02-14
20230510-00000509,central_jakarta,male,paid,2023-05-10,2026-03-14
20230510-00000510,tangerang_city,female,paid,2023-05-10,2026-06-11
20230511-00000511,north_jakarta,male,paid,2023-05-11,2026-03-01
20230511-00000512,west_jakarta,female,organic,2023-05-11,2026-01-03
20230511-00000513,east_jakarta,male,organic,2023-05-11,2026-05-28
20230511-00000514,central_jakarta,female,organic,2023-05-11,2026-05-02
20230511-00000515,north_jakarta,female,organic,2023-05-11,2026-01-10
20230512-00000516,central_jakarta,male,paid,2023-05-12,2026-06-13
20230512-00000517,south_jakarta,male,organic,2023-05-12,2025-12-07
20230513-00000518,tangerang_city,female,organic,2023-05-13,2026-06-10
20230513-00000519,south_jakarta,female,organic,2023-05-13,2026-05-31
20230513-00000520,south_jakarta,male,organic,2023-05-13,2026-01-17
20230513-00000521,central_jakarta,female,organic,2023-05-13,2026-05-16
20230513-00000522,south_jakarta,male,organic,2023-05-13,2026-05-17
20230513-00000523,central_jakarta,male,organic,2023-05-13,2026-05-22
20230514-00000524,central_jakarta,male,organic,2023-05-14,2026-05-16
20230514-00000525,south_jakarta,female,organic,2023-05-14,2026-06-17
20230514-00000526,north_jakarta,male,organic,2023-05-14,2026-04-28
20230514-00000527,south_tangerang,female,paid,2023-05-14,2026-05-29
20230514-00000528,south_tangerang,female,paid,2023-05-14,2026-02-21
20230514-00000529,west_jakarta,male,paid,2023-05-14,2026-04-05
20230514-00000530,south_jakarta,female,organic,2023-05-14,2026-01-10
20230514-00000531,north_jakarta,male,paid,2023-05-14,2026-06-11
20230515-00000532,east_jakarta,male,organic,2023-05-15,2026-01-17
20230515-00000533,central_jakarta,male,organic,2023-05-15,2026-02-06
20230515-00000534,east_jakarta,female,organic,2023-05-15,2026-05-08
20230515-00000535,south_tangerang,female,paid,2023-05-15,2026-06-13
20230516-00000536,central_jakarta,female,paid,2023-05-16,2026-06-19
20230516-00000537,tangerang_city,male,paid,2023-05-16,2025-12-03
20230516-00000538,north_jakarta,female,paid,2023-05-16,2026-05-30
20230516-00000539,west_jakarta,female,organic,2023-05-16,2026-06-14
20230516-00000540,east_jakarta,female,organic,2023-05-16,2026-06-07
20230516-00000541,south_jakarta,female,organic,2023-05-16,2026-06-11
20230517-00000542,tangerang_city,female,paid,2023-05-17,2026-05-07
20230517-00000543,west_jakarta,female,paid,2023-05-17,2026-05-18
20230517-00000544,south_jakarta,male,organic,2023-05-17,2026-06-18
20230518-00000545,east_jakarta,male,organic,2023-05-18,2026-05-24
20230518-00000546,central_jakarta,male,organic,2023-05-18,2026-05-28
20230518-00000547,central_jakarta,female,organic,2023-05-18,2026-02-22
20230518-00000548,west_jakarta,female,paid,2023-05-18,2026-06-07
20230519-00000549,central_jakarta,male,organic,2023-05-19,2026-05-22
20230519-00000550,south_tangerang,male,paid,2023-05-19,2026-05-27
20230519-00000551,south_jakarta,female,organic,2023-05-19,2026-06-18
20230519-00000552,south_tangerang,male,organic,2023-05-19,2026-05-21
20230519-00000553,south_tangerang,male,organic,2023-05-19,2026-06-07
20230520-00000554,east_jakarta,male,organic,2023-05-20,2025-12-21
20230520-00000555,south_jakarta,female,organic,2023-05-20,2026-06-16
20230520-00000556,tangerang_city,male,organic,2023-05-20,2026-01-03
20230520-00000557,south_jakarta,male,organic,2023-05-20,2026-06-19
20230520-00000558,south_jakarta,male,paid,2023-05-20,2026-05-22
20230520-00000559,central_jakarta,male,paid,2023-05-20,2026-06-06
20230520-00000560,central_jakarta,male,organic,2023-05-20,2026-06-03
20230520-00000561,south_jakarta,male,organic,2023-05-20,2026-05-18
20230520-00000562,tangerang_city,female,organic,2023-05-20,2026-06-15
20230521-00000563,east_jakarta,male,paid,2023-05-21,2026-06-14
20230521-00000564,south_jakarta,female,organic,2023-05-21,2026-02-22
20230521-00000565,east_jakarta,male,organic,2023-05-21,2026-02-17
20230521-00000566,south_tangerang,female,paid,2023-05-21,2026-06-14
20230521-00000567,tangerang_city,male,organic,2023-05-21,2026-06-14
20230521-00000568,east_jakarta,male,paid,2023-05-21,2026-03-14
20230521-00000569,south_tangerang,female,paid,2023-05-21,2026-05-09
20230522-00000570,south_jakarta,male,organic,2023-05-22,2026-02-16
20230522-00000571,south_tangerang,female,organic,2023-05-22,2026-04-12
20230522-00000572,south_tangerang,female,organic,2023-05-22,2026-02-24
20230522-00000573,south_jakarta,male,paid,2023-05-22,2026-04-21
20230523-00000574,west_jakarta,female,organic,2023-05-23,2026-06-06
20230523-00000575,central_jakarta,female,organic,2023-05-23,2026-06-18
20230523-00000576,west_jakarta,male,paid,2023-05-23,2026-05-28
20230524-00000577,south_jakarta,male,paid,2023-05-24,2026-04-25
20230524-00000578,tangerang_city,female,organic,2023-05-24,2026-05-25
20230524-00000579,east_jakarta,female,paid,2023-05-24,2026-06-18
20230525-00000580,south_jakarta,female,organic,2023-05-25,2026-06-10
20230525-00000581,tangerang_city,female,organic,2023-05-25,2026-02-27
20230526-00000582,south_tangerang,female,paid,2023-05-26,2026-06-17
20230527-00000583,south_tangerang,female,organic,2023-05-27,2026-05-20
20230527-00000584,central_jakarta,male,organic,2023-05-27,2026-06-14
20230527-00000585,south_tangerang,female,paid,2023-05-27,2026-02-11
20230527-00000586,south_jakarta,male,organic,2023-05-27,2026-02-04
20230527-00000587,central_jakarta,female,paid,2023-05-27,2026-02-12
20230528-00000588,north_jakarta,male,paid,2023-05-28,2026-01-17
20230528-00000589,south_jakarta,female,organic,2023-05-28,2026-04-05
20230528-00000590,east_jakarta,male,organic,2023-05-28,2026-03-03
20230528-00000591,tangerang_city,male,organic,2023-05-28,2026-06-07
20230529-00000592,south_jakarta,male,organic,2023-05-29,2026-06-18
20230529-00000593,east_jakarta,male,paid,2023-05-29,2026-04-28
20230530-00000594,south_jakarta,male,organic,2023-05-30,2026-06-19
20230530-00000595,south_tangerang,male,paid,2023-05-30,2026-06-07
20230531-00000596,north_jakarta,male,organic,2023-05-31,2026-06-12
20230601-00000597,north_jakarta,male,organic,2023-06-01,2026-06-17
20230601-00000598,south_jakarta,female,paid,2023-06-01,2026-01-24
20230602-00000599,central_jakarta,male,paid,2023-06-02,2026-06-09
20230602-00000600,north_jakarta,female,organic,2023-06-02,2025-12-16
20230603-00000601,north_jakarta,male,organic,2023-06-03,2026-05-03
20230603-00000602,central_jakarta,male,organic,2023-06-03,2026-02-12
20230603-00000603,south_jakarta,male,paid,2023-06-03,2026-06-17
20230603-00000604,east_jakarta,female,organic,2023-06-03,2026-03-27
20230603-00000605,central_jakarta,male,organic,2023-06-03,2026-01-04
20230604-00000606,central_jakarta,male,organic,2023-06-04,2026-06-19
20230604-00000607,west_jakarta,female,organic,2023-06-04,2026-05-24
20230604-00000608,west_jakarta,male,organic,2023-06-04,2026-05-30
20230605-00000609,west_jakarta,male,paid,2023-06-05,2026-02-27
20230605-00000610,central_jakarta,female,paid,2023-06-05,2026-06-18
20230606-00000611,west_jakarta,male,organic,2023-06-06,2026-04-24
20230606-00000612,west_jakarta,female,organic,2023-06-06,2026-02-16
20230606-00000613,central_jakarta,male,organic,2023-06-06,2026-05-15
20230606-00000614,central_jakarta,female,organic,2023-06-06,2026-06-12
20230607-00000615,tangerang_city,female,paid,2023-06-07,2026-02-07
20230607-00000616,tangerang_city,female,organic,2023-06-07,2026-05-12
20230607-00000617,south_jakarta,male,organic,2023-06-07,2026-04-17
20230608-00000618,south_jakarta,male,paid,2023-06-08,2026-06-03
20230608-00000619,central_jakarta,female,organic,2023-06-08,2026-01-16
20230609-00000620,south_tangerang,male,organic,2023-06-09,2026-06-14
20230609-00000621,central_jakarta,male,paid,2023-06-09,2026-06-11
20230609-00000622,south_tangerang,male,paid,2023-06-09,2026-05-07
20230609-00000623,south_jakarta,male,organic,2023-06-09,2026-06-08
20230609-00000624,tangerang_city,male,paid,2023-06-09,2026-04-26
20230609-00000625,central_jakarta,female,paid,2023-06-09,2026-05-17
20230610-00000626,north_jakarta,female,paid,2023-06-10,2026-06-15
20230610-00000627,central_jakarta,female,paid,2023-06-10,2026-06-12
20230610-00000628,east_jakarta,female,paid,2023-06-10,2026-05-28
20230610-00000629,south_jakarta,male,organic,2023-06-10,2026-06-09
20230610-00000630,south_jakarta,male,organic,2023-06-10,2026-05-15
20230611-00000631,tangerang_city,female,organic,2023-06-11,2026-06-13
20230611-00000632,north_jakarta,female,organic,2023-06-11,2026-06-14
20230611-00000633,west_jakarta,female,paid,2023-06-11,2026-03-28
20230611-00000634,west_jakarta,female,organic,2023-06-11,2026-06-08
20230611-00000635,east_jakarta,female,organic,2023-06-11,2026-06-14
20230611-00000636,west_jakarta,female,organic,2023-06-11,2026-06-06
20230612-00000637,south_jakarta,male,paid,2023-06-12,2026-03-03
20230612-00000638,north_jakarta,male,paid,2023-06-12,2026-05-12
20230612-00000639,south_tangerang,female,paid,2023-06-12,2026-05-17
20230612-00000640,west_jakarta,male,organic,2023-06-12,2025-11-30
20230613-00000641,tangerang_city,male,organic,2023-06-13,2026-04-28
20230613-00000642,west_jakarta,female,paid,2023-06-13,2026-06-06
20230613-00000643,west_jakarta,female,organic,2023-06-13,2026-06-14
20230613-00000644,south_jakarta,female,organic,2023-06-13,2026-04-24
20230614-00000645,south_tangerang,male,organic,2023-06-14,2025-12-22
20230615-00000646,west_jakarta,male,organic,2023-06-15,2026-03-07
20230615-00000647,north_jakarta,male,organic,2023-06-15,2026-05-04
20230615-00000648,east_jakarta,female,organic,2023-06-15,2026-06-13
20230615-00000649,south_jakarta,male,organic,2023-06-15,2026-05-09
20230616-00000650,south_tangerang,female,organic,2023-06-16,2026-06-07
20230617-00000651,central_jakarta,female,organic,2023-06-17,2026-05-02
20230617-00000652,east_jakarta,male,organic,2023-06-17,2026-05-10
20230617-00000653,north_jakarta,female,organic,2023-06-17,2026-05-29
20230617-00000654,tangerang_city,female,organic,2023-06-17,2026-05-20
20230617-00000655,east_jakarta,female,organic,2023-06-17,2026-01-23
20230618-00000656,south_jakarta,female,organic,2023-06-18,2026-06-14
20230618-00000657,west_jakarta,male,organic,2023-06-18,2026-04-22
20230618-00000658,south_tangerang,male,paid,2023-06-18,2026-06-01
20230618-00000659,west_jakarta,male,organic,2023-06-18,2026-05-24
20230618-00000660,south_tangerang,male,paid,2023-06-18,2026-01-25
20230618-00000661,tangerang_city,male,organic,2023-06-18,2026-06-13
20230619-00000662,west_jakarta,male,paid,2023-06-19,2026-06-12
20230619-00000663,south_tangerang,female,organic,2023-06-19,2026-05-31
20230619-00000664,central_jakarta,female,paid,2023-06-19,2026-06-18
20230619-00000665,east_jakarta,male,paid,2023-06-19,2026-02-28
20230619-00000666,east_jakarta,female,paid,2023-06-19,2026-06-09
20230619-00000667,east_jakarta,female,paid,2023-06-19,2026-05-12
20230621-00000668,tangerang_city,female,paid,2023-06-21,2026-05-18
20230621-00000669,east_jakarta,male,organic,2023-06-21,2026-04-06
20230621-00000670,north_jakarta,female,organic,2023-06-21,2026-04-11
20230621-00000671,south_jakarta,female,organic,2023-06-21,2026-04-19
20230622-00000672,north_jakarta,male,organic,2023-06-22,2026-04-24
20230622-00000673,south_tangerang,male,organic,2023-06-22,2026-06-06
20230623-00000674,north_jakarta,female,organic,2023-06-23,2026-02-22
20230623-00000675,south_jakarta,female,organic,2023-06-23,2026-05-29
20230623-00000676,west_jakarta,male,organic,2023-06-23,2026-01-13
20230624-00000677,west_jakarta,male,paid,2023-06-24,2026-04-11
20230624-00000678,north_jakarta,male,organic,2023-06-24,2026-06-16
20230625-00000679,central_jakarta,male,paid,2023-06-25,2026-04-12
20230625-00000680,west_jakarta,female,organic,2023-06-25,2026-06-08
20230625-00000681,north_jakarta,female,organic,2023-06-25,2026-02-08
20230625-00000682,south_jakarta,female,organic,2023-06-25,2026-05-19
20230625-00000683,north_jakarta,female,organic,2023-06-25,2026-06-10
20230626-00000684,north_jakarta,female,organic,2023-06-26,2026-04-04
20230626-00000685,central_jakarta,male,organic,2023-06-26,2026-05-30
20230627-00000686,west_jakarta,female,organic,2023-06-27,2026-03-14
20230627-00000687,central_jakarta,female,organic,2023-06-27,2026-04-26
20230627-00000688,south_jakarta,female,paid,2023-06-27,2026-03-20
20230628-00000689,south_jakarta,male,paid,2023-06-28,2026-04-29
20230628-00000690,west_jakarta,female,organic,2023-06-28,2026-04-26
20230628-00000691,west_jakarta,male,organic,2023-06-28,2026-05-17
20230629-00000692,south_jakarta,male,organic,2023-06-29,2026-04-21
20230629-00000693,east_jakarta,male,paid,2023-06-29,2026-03-12
20230629-00000694,west_jakarta,female,organic,2023-06-29,2026-06-13
20230629-00000695,west_jakarta,male,paid,2023-06-29,2026-06-02
20230629-00000696,west_jakarta,male,paid,2023-06-29,2026-05-09
20230629-00000697,central_jakarta,male,organic,2023-06-29,2026-03-21
20230629-00000698,west_jakarta,female,paid,2023-06-29,2026-06-17
20230629-00000699,west_jakarta,female,paid,2023-06-29,2026-01-20
20230630-00000700,west_jakarta,male,organic,2023-06-30,2026-04-22
20230630-00000701,central_jakarta,female,paid,2023-06-30,2026-06-08
20230630-00000702,south_jakarta,male,organic,2023-06-30,2026-04-30
20230630-00000703,south_tangerang,male,organic,2023-06-30,2026-06-12
20230630-00000704,central_jakarta,female,organic,2023-06-30,2026-05-30
20230701-00000705,central_jakarta,female,organic,2023-07-01,2025-12-27
20230701-00000706,south_jakarta,male,organic,2023-07-01,2026-01-24
20230701-00000707,north_jakarta,female,organic,2023-07-01,2026-02-27
20230701-00000708,south_jakarta,female,organic,2023-07-01,2026-05-09
20230701-00000709,south_jakarta,male,paid,2023-07-01,2026-05-09
20230701-00000710,south_jakarta,female,organic,2023-07-01,2026-06-06
20230702-00000711,south_jakarta,female,organic,2023-07-02,2026-02-16
20230702-00000712,south_tangerang,female,organic,2023-07-02,2026-06-19
20230702-00000713,central_jakarta,female,organic,2023-07-02,2026-02-06
20230702-00000714,west_jakarta,male,paid,2023-07-02,2026-01-28
20230703-00000715,south_jakarta,male,organic,2023-07-03,2026-02-11
20230703-00000716,south_tangerang,male,organic,2023-07-03,2026-06-12
20230703-00000717,tangerang_city,female,paid,2023-07-03,2026-03-31
20230704-00000718,west_jakarta,male,paid,2023-07-04,2026-06-18
20230704-00000719,north_jakarta,male,organic,2023-07-04,2026-05-04
20230705-00000720,central_jakarta,female,organic,2023-07-05,2026-05-17
20230705-00000721,south_jakarta,male,paid,2023-07-05,2026-04-25
20230705-00000722,south_tangerang,male,paid,2023-07-05,2026-05-18
20230705-00000723,central_jakarta,female,paid,2023-07-05,2026-06-17
20230706-00000724,south_tangerang,female,organic,2023-07-06,2026-06-12
20230706-00000725,central_jakarta,female,paid,2023-07-06,2026-05-01
20230707-00000726,east_jakarta,male,paid,2023-07-07,2026-06-04
20230707-00000727,tangerang_city,female,paid,2023-07-07,2026-06-08
20230708-00000728,north_jakarta,male,paid,2023-07-08,2026-05-07
20230708-00000729,west_jakarta,female,paid,2023-07-08,2026-06-05
20230708-00000730,west_jakarta,male,paid,2023-07-08,2026-05-17
20230708-00000731,tangerang_city,female,organic,2023-07-08,2026-06-16
20230708-00000732,south_jakarta,male,paid,2023-07-08,2026-06-18
20230708-00000733,north_jakarta,male,organic,2023-07-08,2026-05-03
20230709-00000734,south_jakarta,female,paid,2023-07-09,2026-05-24
20230709-00000735,tangerang_city,male,paid,2023-07-09,2026-01-24
20230709-00000736,east_jakarta,male,paid,2023-07-09,2026-06-06
20230709-00000737,south_jakarta,male,organic,2023-07-09,2026-04-27
20230709-00000738,south_jakarta,female,organic,2023-07-09,2026-06-19
20230710-00000739,west_jakarta,male,paid,2023-07-10,2026-01-30
20230710-00000740,central_jakarta,female,organic,2023-07-10,2026-06-14
20230710-00000741,west_jakarta,female,organic,2023-07-10,2026-02-10
20230710-00000742,south_jakarta,male,organic,2023-07-10,2026-03-15
20230710-00000743,central_jakarta,male,paid,2023-07-10,2026-06-11
20230711-00000744,tangerang_city,male,paid,2023-07-11,2026-06-14
20230711-00000745,south_tangerang,female,paid,2023-07-11,2026-03-16
20230711-00000746,south_jakarta,male,paid,2023-07-11,2026-03-14
20230711-00000747,central_jakarta,male,organic,2023-07-11,2026-04-25
20230712-00000748,south_jakarta,male,organic,2023-07-12,2026-06-12
20230712-00000749,central_jakarta,female,paid,2023-07-12,2026-06-13
20230712-00000750,north_jakarta,female,organic,2023-07-12,2026-06-16
20230713-00000751,central_jakarta,male,paid,2023-07-13,2026-06-12
20230714-00000752,north_jakarta,male,organic,2023-07-14,2026-05-23
20230715-00000753,west_jakarta,female,organic,2023-07-15,2026-06-14
20230715-00000754,tangerang_city,male,paid,2023-07-15,2026-05-09
20230715-00000755,east_jakarta,female,organic,2023-07-15,2026-05-17
20230715-00000756,north_jakarta,female,paid,2023-07-15,2026-05-24
20230715-00000757,central_jakarta,female,organic,2023-07-15,2026-05-14
20230715-00000758,east_jakarta,male,organic,2023-07-15,2026-05-30
20230715-00000759,south_jakarta,female,organic,2023-07-15,2026-01-17
20230715-00000760,north_jakarta,male,organic,2023-07-15,2026-06-13
20230715-00000761,central_jakarta,male,paid,2023-07-15,2026-06-15
20230715-00000762,east_jakarta,female,organic,2023-07-15,2026-01-17
20230716-00000763,south_jakarta,male,paid,2023-07-16,2026-05-11
20230716-00000764,south_jakarta,female,organic,2023-07-16,2026-06-12
20230716-00000765,south_jakarta,male,organic,2023-07-16,2026-06-08
20230716-00000766,west_jakarta,male,paid,2023-07-16,2026-05-31
20230716-00000767,west_jakarta,female,paid,2023-07-16,2026-06-06
20230716-00000768,central_jakarta,female,paid,2023-07-16,2026-06-14
20230717-00000769,west_jakarta,female,paid,2023-07-17,2026-03-20
20230717-00000770,south_jakarta,male,organic,2023-07-17,2026-06-06
20230717-00000771,central_jakarta,female,organic,2023-07-17,2026-05-27
20230717-00000772,south_jakarta,female,organic,2023-07-17,2026-03-12
20230717-00000773,south_jakarta,male,organic,2023-07-17,2026-06-12
20230718-00000774,east_jakarta,male,organic,2023-07-18,2026-06-12
20230718-00000775,west_jakarta,male,organic,2023-07-18,2026-02-02
20230718-00000776,tangerang_city,female,organic,2023-07-18,2026-06-14
20230719-00000777,east_jakarta,male,paid,2023-07-19,2026-06-14
20230719-00000778,south_tangerang,female,paid,2023-07-19,2026-04-07
20230719-00000779,south_jakarta,female,organic,2023-07-19,2026-03-07
20230719-00000780,central_jakarta,female,paid,2023-07-19,2026-05-18
20230719-00000781,north_jakarta,male,paid,2023-07-19,2026-06-08
20230719-00000782,east_jakarta,female,organic,2023-07-19,2026-04-18
20230720-00000783,north_jakarta,female,paid,2023-07-20,2026-03-11
20230721-00000784,central_jakarta,female,paid,2023-07-21,2026-03-14
20230721-00000785,south_jakarta,male,organic,2023-07-21,2025-11-20
20230721-00000786,north_jakarta,female,organic,2023-07-21,2026-05-31
20230721-00000787,tangerang_city,female,organic,2023-07-21,2026-06-08
20230721-00000788,west_jakarta,female,organic,2023-07-21,2026-06-09
20230721-00000789,central_jakarta,male,paid,2023-07-21,2026-06-09
20230721-00000790,west_jakarta,female,organic,2023-07-21,2026-01-24
20230722-00000791,tangerang_city,female,organic,2023-07-22,2026-06-13
20230722-00000792,north_jakarta,male,organic,2023-07-22,2026-02-27
20230722-00000793,west_jakarta,male,paid,2023-07-22,2026-03-26
20230722-00000794,south_jakarta,female,organic,2023-07-22,2026-05-10
20230722-00000795,south_tangerang,female,paid,2023-07-22,2026-06-13
20230722-00000796,central_jakarta,male,paid,2023-07-22,2026-04-22
20230723-00000797,central_jakarta,male,paid,2023-07-23,2026-06-13
20230723-00000798,west_jakarta,female,paid,2023-07-23,2026-06-13
20230723-00000799,south_jakarta,female,organic,2023-07-23,2026-06-08
20230723-00000800,tangerang_city,female,organic,2023-07-23,2026-05-12
20230723-00000801,central_jakarta,male,organic,2023-07-23,2026-06-14
20230723-00000802,north_jakarta,male,paid,2023-07-23,2026-06-07
20230723-00000803,west_jakarta,male,organic,2023-07-23,2026-05-28
20230723-00000804,west_jakarta,male,organic,2023-07-23,2026-03-14
20230723-00000805,central_jakarta,female,paid,2023-07-23,2026-02-22
20230724-00000806,tangerang_city,male,paid,2023-07-24,2026-04-04
20230724-00000807,central_jakarta,female,organic,2023-07-24,2026-06-17
20230724-00000808,west_jakarta,female,organic,2023-07-24,2026-04-22
20230724-00000809,west_jakarta,female,paid,2023-07-24,2026-06-05
20230724-00000810,central_jakarta,female,organic,2023-07-24,2026-06-09
20230725-00000811,tangerang_city,female,paid,2023-07-25,2026-06-13
20230725-00000812,central_jakarta,female,paid,2023-07-25,2026-05-12
20230725-00000813,south_jakarta,male,paid,2023-07-25,2026-02-06
20230725-00000814,south_tangerang,male,paid,2023-07-25,2026-03-15
20230726-00000815,central_jakarta,female,organic,2023-07-26,2026-06-18
20230726-00000816,north_jakarta,male,paid,2023-07-26,2026-01-25
20230726-00000817,tangerang_city,female,paid,2023-07-26,2026-06-15
20230727-00000818,central_jakarta,female,organic,2023-07-27,2026-05-27
20230727-00000819,south_tangerang,male,organic,2023-07-27,2025-12-29
20230727-00000820,north_jakarta,female,paid,2023-07-27,2026-03-18
20230727-00000821,south_tangerang,female,paid,2023-07-27,2026-06-19
20230727-00000822,south_jakarta,male,organic,2023-07-27,2025-12-11
20230727-00000823,east_jakarta,male,organic,2023-07-27,2026-04-18
20230728-00000824,tangerang_city,female,organic,2023-07-28,2026-05-24
20230728-00000825,tangerang_city,female,organic,2023-07-28,2026-05-21
20230729-00000826,tangerang_city,male,paid,2023-07-29,2026-05-24
20230729-00000827,west_jakarta,female,organic,2023-07-29,2026-06-12
20230729-00000828,south_tangerang,female,paid,2023-07-29,2026-06-15
20230730-00000829,central_jakarta,male,paid,2023-07-30,2026-06-08
20230730-00000830,south_jakarta,female,organic,2023-07-30,2026-04-25
20230730-00000831,west_jakarta,female,organic,2023-07-30,2026-06-03
20230730-00000832,west_jakarta,female,paid,2023-07-30,2026-05-30
20230730-00000833,tangerang_city,female,organic,2023-07-30,2026-06-08
20230731-00000834,south_jakarta,male,organic,2023-07-31,2026-06-14
20230731-00000835,north_jakarta,male,organic,2023-07-31,2026-05-18
20230731-00000836,south_tangerang,male,organic,2023-07-31,2026-06-11
20230801-00000837,south_jakarta,female,organic,2023-08-01,2026-03-01
20230801-00000838,west_jakarta,female,organic,2023-08-01,2026-03-16
20230801-00000839,west_jakarta,female,organic,2023-08-01,2026-04-17
20230802-00000840,east_jakarta,male,paid,2023-08-02,2026-06-06
20230802-00000841,east_jakarta,male,organic,2023-08-02,2026-05-30
20230802-00000842,east_jakarta,female,organic,2023-08-02,2026-04-28
20230802-00000843,central_jakarta,female,paid,2023-08-02,2026-06-14
20230803-00000844,west_jakarta,female,organic,2023-08-03,2026-06-15
20230803-00000845,central_jakarta,female,organic,2023-08-03,2026-02-26
20230803-00000846,east_jakarta,female,paid,2023-08-03,2026-06-07
20230803-00000847,south_jakarta,female,organic,2023-08-03,2026-05-03
20230803-00000848,central_jakarta,male,organic,2023-08-03,2026-06-05
20230804-00000849,north_jakarta,male,paid,2023-08-04,2026-02-10
20230805-00000850,central_jakarta,female,organic,2023-08-05,2026-02-17
20230805-00000851,central_jakarta,male,paid,2023-08-05,2026-05-05
20230805-00000852,north_jakarta,female,organic,2023-08-05,2026-05-22
20230805-00000853,south_tangerang,female,paid,2023-08-05,2026-05-22
20230805-00000854,west_jakarta,male,organic,2023-08-05,2026-06-12
20230805-00000855,south_jakarta,male,paid,2023-08-05,2026-06-07
20230806-00000856,central_jakarta,female,paid,2023-08-06,2026-03-15
20230806-00000857,tangerang_city,male,organic,2023-08-06,2026-04-05
20230806-00000858,central_jakarta,female,organic,2023-08-06,2026-03-07
20230806-00000859,south_jakarta,female,paid,2023-08-06,2026-04-26
20230806-00000860,central_jakarta,female,organic,2023-08-06,2026-03-13
20230807-00000861,east_jakarta,female,organic,2023-08-07,2026-05-31
20230807-00000862,south_jakarta,male,organic,2023-08-07,2026-04-14
20230807-00000863,south_jakarta,male,paid,2023-08-07,2026-02-26
20230807-00000864,north_jakarta,male,organic,2023-08-07,2026-06-13
20230808-00000865,south_jakarta,male,paid,2023-08-08,2026-01-23
20230808-00000866,south_tangerang,female,paid,2023-08-08,2026-06-15
20230808-00000867,south_jakarta,female,organic,2023-08-08,2026-03-07
20230808-00000868,west_jakarta,female,paid,2023-08-08,2026-06-10
20230808-00000869,south_jakarta,male,organic,2023-08-08,2026-05-28
20230808-00000870,south_jakarta,female,organic,2023-08-08,2026-06-06
20230809-00000871,west_jakarta,female,organic,2023-08-09,2026-06-07
20230809-00000872,tangerang_city,male,paid,2023-08-09,2026-06-15
20230809-00000873,north_jakarta,female,organic,2023-08-09,2026-03-27
20230809-00000874,south_jakarta,female,organic,2023-08-09,2026-04-07
20230810-00000875,central_jakarta,male,organic,2023-08-10,2026-03-31
20230810-00000876,south_jakarta,male,paid,2023-08-10,2026-05-15
20230811-00000877,north_jakarta,female,paid,2023-08-11,2026-06-15
20230811-00000878,central_jakarta,female,organic,2023-08-11,2026-03-11
20230811-00000879,central_jakarta,female,organic,2023-08-11,2026-06-13
20230811-00000880,east_jakarta,female,paid,2023-08-11,2026-06-05
20230812-00000881,south_tangerang,female,organic,2023-08-12,2026-05-19
20230812-00000882,east_jakarta,female,organic,2023-08-12,2026-04-04
20230812-00000883,east_jakarta,male,organic,2023-08-12,2026-04-19
20230812-00000884,north_jakarta,female,organic,2023-08-12,2026-03-21
20230812-00000885,east_jakarta,male,paid,2023-08-12,2026-06-12
20230812-00000886,south_jakarta,male,organic,2023-08-12,2026-05-16
20230812-00000887,south_jakarta,male,organic,2023-08-12,2026-01-07
20230813-00000888,west_jakarta,female,paid,2023-08-13,2026-06-06
20230813-00000889,west_jakarta,female,paid,2023-08-13,2026-04-30
20230813-00000890,central_jakarta,male,organic,2023-08-13,2026-05-30
20230813-00000891,central_jakarta,male,organic,2023-08-13,2026-06-16
20230813-00000892,west_jakarta,male,organic,2023-08-13,2026-06-18
20230814-00000893,tangerang_city,male,paid,2023-08-14,2026-02-04
20230814-00000894,central_jakarta,male,organic,2023-08-14,2026-05-28
20230814-00000895,central_jakarta,female,organic,2023-08-14,2026-05-03
20230814-00000896,north_jakarta,male,paid,2023-08-14,2026-04-04
20230814-00000897,west_jakarta,female,organic,2023-08-14,2026-06-18
20230815-00000898,north_jakarta,male,organic,2023-08-15,2026-02-24
20230815-00000899,north_jakarta,female,organic,2023-08-15,2026-05-15
20230815-00000900,north_jakarta,female,organic,2023-08-15,2026-04-17
20230815-00000901,central_jakarta,male,paid,2023-08-15,2026-04-25
20230816-00000902,tangerang_city,male,paid,2023-08-16,2026-05-09
20230816-00000903,south_jakarta,female,organic,2023-08-16,2026-06-13
20230816-00000904,tangerang_city,female,organic,2023-08-16,2026-05-17
20230817-00000905,west_jakarta,female,paid,2023-08-17,2026-04-09
20230817-00000906,south_jakarta,female,organic,2023-08-17,2026-05-13
20230817-00000907,south_jakarta,female,paid,2023-08-17,2026-04-26
20230817-00000908,west_jakarta,male,paid,2023-08-17,2026-05-23
20230817-00000909,south_jakarta,male,organic,2023-08-17,2026-03-29
20230818-00000910,north_jakarta,male,organic,2023-08-18,2026-06-13
20230818-00000911,central_jakarta,female,paid,2023-08-18,2026-05-22
20230818-00000912,north_jakarta,female,paid,2023-08-18,2026-05-22
20230818-00000913,south_jakarta,male,organic,2023-08-18,2026-06-13
20230818-00000914,east_jakarta,male,organic,2023-08-18,2026-05-12
20230818-00000915,south_jakarta,female,organic,2023-08-18,2026-02-28
20230818-00000916,central_jakarta,female,organic,2023-08-18,2026-05-09
20230818-00000917,south_jakarta,female,paid,2023-08-18,2026-06-14
20230819-00000918,north_jakarta,female,organic,2023-08-19,2026-05-17
20230819-00000919,east_jakarta,female,organic,2023-08-19,2026-04-27
20230819-00000920,south_jakarta,male,organic,2023-08-19,2026-06-13
20230819-00000921,tangerang_city,male,paid,2023-08-19,2026-04-25
20230819-00000922,tangerang_city,female,paid,2023-08-19,2026-06-17
20230819-00000923,south_tangerang,female,paid,2023-08-19,2026-04-04
20230819-00000924,north_jakarta,male,paid,2023-08-19,2026-06-14
20230819-00000925,north_jakarta,female,paid,2023-08-19,2026-05-10
20230820-00000926,west_jakarta,male,organic,2023-08-20,2026-06-04
20230820-00000927,central_jakarta,male,organic,2023-08-20,2026-02-16
20230820-00000928,south_tangerang,female,organic,2023-08-20,2026-04-10
20230820-00000929,south_jakarta,female,organic,2023-08-20,2026-06-11
20230820-00000930,north_jakarta,male,paid,2023-08-20,2026-04-30
20230820-00000931,tangerang_city,female,organic,2023-08-20,2026-06-01
20230820-00000932,south_jakarta,male,paid,2023-08-20,2026-03-14
20230820-00000933,south_tangerang,female,organic,2023-08-20,2026-06-07
20230821-00000934,west_jakarta,female,organic,2023-08-21,2026-03-22
20230821-00000935,south_tangerang,female,organic,2023-08-21,2026-05-31
20230821-00000936,tangerang_city,male,organic,2023-08-21,2026-05-29
20230821-00000937,north_jakarta,male,paid,2023-08-21,2026-06-08
20230821-00000938,tangerang_city,female,paid,2023-08-21,2026-04-12
20230822-00000939,tangerang_city,male,organic,2023-08-22,2026-01-28
20230822-00000940,south_tangerang,female,organic,2023-08-22,2026-06-17
20230822-00000941,west_jakarta,female,organic,2023-08-22,2026-05-14
20230822-00000942,central_jakarta,male,organic,2023-08-22,2026-05-13
20230823-00000943,south_jakarta,female,paid,2023-08-23,2026-05-26
20230823-00000944,north_jakarta,male,organic,2023-08-23,2026-02-17
20230823-00000945,central_jakarta,female,organic,2023-08-23,2026-01-31
20230823-00000946,west_jakarta,male,organic,2023-08-23,2026-05-09
20230823-00000947,south_tangerang,female,organic,2023-08-23,2026-05-02
20230823-00000948,west_jakarta,female,organic,2023-08-23,2026-04-24
20230823-00000949,south_jakarta,female,paid,2023-08-23,2026-05-10
20230823-00000950,central_jakarta,female,organic,2023-08-23,2026-06-13
20230824-00000951,south_tangerang,female,paid,2023-08-24,2026-06-19
20230824-00000952,east_jakarta,male,paid,2023-08-24,2026-05-18
20230824-00000953,south_jakarta,male,organic,2023-08-24,2026-02-05
20230824-00000954,west_jakarta,female,organic,2023-08-24,2026-06-11
20230824-00000955,east_jakarta,male,paid,2023-08-24,2026-04-25
20230824-00000956,tangerang_city,male,organic,2023-08-24,2026-06-18
20230824-00000957,west_jakarta,male,organic,2023-08-24,2026-01-26
20230825-00000958,central_jakarta,male,organic,2023-08-25,2026-06-19
20230825-00000959,south_tangerang,male,organic,2023-08-25,2026-06-17
20230825-00000960,north_jakarta,female,organic,2023-08-25,2026-06-14
20230825-00000961,south_jakarta,male,organic,2023-08-25,2026-02-28
20230825-00000962,east_jakarta,female,organic,2023-08-25,2026-02-04
20230826-00000963,south_jakarta,female,organic,2023-08-26,2026-02-17
20230826-00000964,south_jakarta,male,organic,2023-08-26,2025-11-17
20230826-00000965,west_jakarta,female,organic,2023-08-26,2026-04-25
20230826-00000966,west_jakarta,female,organic,2023-08-26,2026-03-29
20230826-00000967,west_jakarta,female,paid,2023-08-26,2026-06-13
20230826-00000968,south_tangerang,male,paid,2023-08-26,2026-06-12
20230827-00000969,west_jakarta,female,paid,2023-08-27,2026-05-08
20230827-00000970,central_jakarta,male,organic,2023-08-27,2026-05-15
20230827-00000971,tangerang_city,female,organic,2023-08-27,2026-06-08
20230827-00000972,tangerang_city,male,paid,2023-08-27,2026-06-16
20230827-00000973,east_jakarta,female,organic,2023-08-27,2026-06-15
20230828-00000974,south_jakarta,female,organic,2023-08-28,2026-06-14
20230828-00000975,south_jakarta,male,organic,2023-08-28,2026-05-07
20230829-00000976,west_jakarta,female,organic,2023-08-29,2026-06-16
20230829-00000977,south_tangerang,male,paid,2023-08-29,2026-06-03
20230829-00000978,tangerang_city,female,paid,2023-08-29,2026-06-17
20230829-00000979,south_tangerang,female,paid,2023-08-29,2026-05-24
20230830-00000980,north_jakarta,male,paid,2023-08-30,2026-03-22
20230830-00000981,south_tangerang,female,paid,2023-08-30,2026-06-01
20230830-00000982,central_jakarta,female,paid,2023-08-30,2026-05-30
20230830-00000983,west_jakarta,male,paid,2023-08-30,2026-06-14
20230830-00000984,south_jakarta,female,organic,2023-08-30,2026-04-11
20230830-00000985,south_tangerang,female,organic,2023-08-30,2026-02-04
20230830-00000986,south_jakarta,male,organic,2023-08-30,2026-06-17
20230830-00000987,south_tangerang,male,paid,2023-08-30,2026-05-10
20230830-00000988,east_jakarta,male,paid,2023-08-30,2026-06-12
20230831-00000989,west_jakarta,male,paid,2023-08-31,2026-02-13
20230831-00000990,east_jakarta,male,organic,2023-08-31,2026-02-21
20230901-00000991,central_jakarta,female,organic,2023-09-01,2026-05-03
20230901-00000992,north_jakarta,male,organic,2023-09-01,2026-05-26
20230901-00000993,central_jakarta,male,organic,2023-09-01,2026-02-11
20230901-00000994,east_jakarta,male,paid,2023-09-01,2026-06-18
20230902-00000995,central_jakarta,male,organic,2023-09-02,2026-02-03
20230902-00000996,tangerang_city,male,organic,2023-09-02,2026-03-08
20230902-00000997,east_jakarta,female,paid,2023-09-02,2026-05-20
20230902-00000998,tangerang_city,female,organic,2023-09-02,2026-05-16
20230902-00000999,north_jakarta,female,organic,2023-09-02,2026-01-07
20230902-00001000,east_jakarta,male,organic,2023-09-02,2026-05-31
20230903-00001001,south_jakarta,female,organic,2023-09-03,2026-06-07
20230903-00001002,north_jakarta,female,organic,2023-09-03,2026-05-09
20230903-00001003,south_jakarta,female,organic,2023-09-03,2026-05-16
20230903-00001004,central_jakarta,female,paid,2023-09-03,2026-01-02
20230903-00001005,central_jakarta,male,organic,2023-09-03,2026-04-16
20230903-00001006,central_jakarta,female,organic,2023-09-03,2026-06-17
20230903-00001007,tangerang_city,male,organic,2023-09-03,2026-06-14
20230903-00001008,south_jakarta,female,organic,2023-09-03,2026-01-11
20230903-00001009,south_jakarta,female,organic,2023-09-03,2026-05-30
20230904-00001010,east_jakarta,female,organic,2023-09-04,2026-05-22
20230904-00001011,north_jakarta,female,paid,2023-09-04,2026-01-23
20230904-00001012,central_jakarta,male,organic,2023-09-04,2026-04-02
20230905-00001013,east_jakarta,male,organic,2023-09-05,2026-05-30
20230906-00001014,east_jakarta,female,organic,2023-09-06,2026-06-07
20230906-00001015,south_tangerang,female,organic,2023-09-06,2026-05-23
20230906-00001016,south_tangerang,male,paid,2023-09-06,2026-04-12
20230906-00001017,central_jakarta,male,paid,2023-09-06,2026-06-17
20230906-00001018,west_jakarta,male,organic,2023-09-06,2026-04-22
20230907-00001019,central_jakarta,male,paid,2023-09-07,2026-02-14
20230907-00001020,south_jakarta,male,organic,2023-09-07,2026-06-14
20230907-00001021,west_jakarta,male,organic,2023-09-07,2026-06-14
20230907-00001022,north_jakarta,male,organic,2023-09-07,2026-02-21
20230908-00001023,west_jakarta,female,organic,2023-09-08,2026-06-13
20230908-00001024,north_jakarta,female,organic,2023-09-08,2026-06-05
20230908-00001025,central_jakarta,male,paid,2023-09-08,2026-06-16
20230909-00001026,north_jakarta,male,paid,2023-09-09,2026-05-21
20230909-00001027,central_jakarta,female,organic,2023-09-09,2026-06-05
20230909-00001028,east_jakarta,male,paid,2023-09-09,2026-02-28
20230910-00001029,central_jakarta,male,paid,2023-09-10,2026-03-08
20230910-00001030,north_jakarta,male,organic,2023-09-10,2025-12-13
20230910-00001031,central_jakarta,male,organic,2023-09-10,2026-02-10
20230911-00001032,south_jakarta,male,organic,2023-09-11,2026-06-10
20230911-00001033,west_jakarta,female,paid,2023-09-11,2026-06-16
20230911-00001034,tangerang_city,female,paid,2023-09-11,2026-02-17
20230911-00001035,north_jakarta,female,organic,2023-09-11,2026-06-08
20230912-00001036,west_jakarta,male,paid,2023-09-12,2026-06-13
20230912-00001037,south_jakarta,male,organic,2023-09-12,2026-05-17
20230912-00001038,south_jakarta,male,organic,2023-09-12,2026-01-25
20230912-00001039,central_jakarta,female,paid,2023-09-12,2026-05-23
20230912-00001040,south_jakarta,male,organic,2023-09-12,2026-06-07
20230913-00001041,central_jakarta,male,organic,2023-09-13,2026-06-16
20230913-00001042,south_jakarta,female,paid,2023-09-13,2026-06-07
20230913-00001043,central_jakarta,female,paid,2023-09-13,2026-01-12
20230913-00001044,west_jakarta,male,organic,2023-09-13,2026-05-09
20230913-00001045,south_jakarta,female,organic,2023-09-13,2026-05-21
20230913-00001046,west_jakarta,female,paid,2023-09-13,2026-06-10
20230914-00001047,east_jakarta,male,organic,2023-09-14,2026-05-16
20230914-00001048,east_jakarta,male,organic,2023-09-14,2026-05-03
20230914-00001049,east_jakarta,male,organic,2023-09-14,2026-04-25
20230915-00001050,tangerang_city,male,paid,2023-09-15,2026-05-31
20230915-00001051,west_jakarta,male,paid,2023-09-15,2026-03-22
20230915-00001052,central_jakarta,female,organic,2023-09-15,2026-06-06
20230916-00001053,central_jakarta,female,organic,2023-09-16,2026-04-20
20230916-00001054,central_jakarta,female,paid,2023-09-16,2026-06-03
20230916-00001055,central_jakarta,male,organic,2023-09-16,2026-06-13
20230916-00001056,central_jakarta,female,organic,2023-09-16,2026-03-09
20230917-00001057,south_tangerang,female,paid,2023-09-17,2026-04-21
20230917-00001058,north_jakarta,female,paid,2023-09-17,2026-03-03
20230917-00001059,central_jakarta,female,organic,2023-09-17,2026-03-14
20230917-00001060,south_jakarta,male,paid,2023-09-17,2026-06-15
20230917-00001061,east_jakarta,female,organic,2023-09-17,2026-06-07
20230918-00001062,east_jakarta,male,organic,2023-09-18,2026-06-15
20230918-00001063,west_jakarta,male,organic,2023-09-18,2026-05-11
20230919-00001064,tangerang_city,male,organic,2023-09-19,2026-05-11
20230919-00001065,south_jakarta,male,organic,2023-09-19,2025-12-31
20230919-00001066,north_jakarta,female,paid,2023-09-19,2026-06-04
20230919-00001067,central_jakarta,female,organic,2023-09-19,2026-04-10
20230919-00001068,south_jakarta,male,paid,2023-09-19,2026-05-23
20230920-00001069,south_tangerang,female,paid,2023-09-20,2026-06-04
20230921-00001070,north_jakarta,male,organic,2023-09-21,2026-06-07
20230922-00001071,west_jakarta,female,organic,2023-09-22,2026-05-17
20230923-00001072,east_jakarta,male,organic,2023-09-23,2026-06-19
20230923-00001073,tangerang_city,female,organic,2023-09-23,2026-06-13
20230924-00001074,tangerang_city,male,paid,2023-09-24,2026-06-19
20230924-00001075,central_jakarta,male,organic,2023-09-24,2026-06-14
20230924-00001076,central_jakarta,female,paid,2023-09-24,2026-06-13
20230924-00001077,south_tangerang,male,organic,2023-09-24,2026-01-03
20230925-00001078,west_jakarta,male,organic,2023-09-25,2026-03-22
20230926-00001079,east_jakarta,female,paid,2023-09-26,2026-02-03
20230926-00001080,north_jakarta,male,organic,2023-09-26,2026-06-11
20230926-00001081,east_jakarta,female,organic,2023-09-26,2026-02-21
20230926-00001082,west_jakarta,male,organic,2023-09-26,2026-03-08
20230927-00001083,north_jakarta,female,paid,2023-09-27,2026-05-27
20230927-00001084,south_jakarta,male,organic,2023-09-27,2026-06-14
20230927-00001085,east_jakarta,male,organic,2023-09-27,2026-06-14
20230927-00001086,north_jakarta,male,organic,2023-09-27,2026-02-26
20230927-00001087,tangerang_city,male,paid,2023-09-27,2026-02-17
20230928-00001088,central_jakarta,female,paid,2023-09-28,2026-06-06
20230928-00001089,east_jakarta,female,paid,2023-09-28,2026-05-04
20230929-00001090,south_tangerang,male,organic,2023-09-29,2026-06-14
20230929-00001091,central_jakarta,female,organic,2023-09-29,2026-01-13
20230929-00001092,east_jakarta,female,organic,2023-09-29,2026-06-13
20230930-00001093,central_jakarta,female,organic,2023-09-30,2026-06-13
20230930-00001094,south_jakarta,male,organic,2023-09-30,2026-05-08
20230930-00001095,south_jakarta,male,organic,2023-09-30,2026-02-22
20230930-00001096,north_jakarta,female,paid,2023-09-30,2026-04-19
20230930-00001097,south_jakarta,female,organic,2023-09-30,2026-04-11
20230930-00001098,south_jakarta,male,organic,2023-09-30,2026-06-12
20230930-00001099,tangerang_city,female,organic,2023-09-30,2026-04-11
20231001-00001100,tangerang_city,female,organic,2023-10-01,2026-02-20
20231001-00001101,south_jakarta,male,paid,2023-10-01,2026-06-08
20231001-00001102,central_jakarta,female,paid,2023-10-01,2025-12-24
20231001-00001103,west_jakarta,female,organic,2023-10-01,2026-03-14
20231001-00001104,tangerang_city,male,organic,2023-10-01,2026-06-13
20231002-00001105,tangerang_city,female,organic,2023-10-02,2026-06-17
20231002-00001106,south_tangerang,female,organic,2023-10-02,2026-06-18
20231004-00001107,south_jakarta,male,paid,2023-10-04,2026-06-07
20231004-00001108,east_jakarta,male,organic,2023-10-04,2026-05-30
20231005-00001109,tangerang_city,male,paid,2023-10-05,2026-03-03
20231005-00001110,tangerang_city,female,paid,2023-10-05,2026-05-24
20231005-00001111,east_jakarta,male,organic,2023-10-05,2026-03-23
20231006-00001112,central_jakarta,male,organic,2023-10-06,2026-02-26
20231006-00001113,central_jakarta,female,paid,2023-10-06,2026-06-19
20231006-00001114,tangerang_city,female,organic,2023-10-06,2026-06-13
20231006-00001115,tangerang_city,male,paid,2023-10-06,2026-01-24
20231006-00001116,west_jakarta,male,paid,2023-10-06,2026-04-28
20231006-00001117,east_jakarta,male,paid,2023-10-06,2026-05-22
20231007-00001118,central_jakarta,female,organic,2023-10-07,2026-03-21
20231007-00001119,east_jakarta,female,organic,2023-10-07,2026-05-09
20231008-00001120,west_jakarta,male,organic,2023-10-08,2026-05-22
20231008-00001121,west_jakarta,male,organic,2023-10-08,2026-05-24
20231008-00001122,central_jakarta,female,organic,2023-10-08,2026-01-18
20231008-00001123,tangerang_city,male,organic,2023-10-08,2026-06-16
20231008-00001124,tangerang_city,female,paid,2023-10-08,2026-04-16
20231008-00001125,tangerang_city,female,paid,2023-10-08,2026-06-06
20231009-00001126,central_jakarta,female,paid,2023-10-09,2026-03-27
20231009-00001127,north_jakarta,male,paid,2023-10-09,2026-04-13
20231009-00001128,west_jakarta,female,organic,2023-10-09,2026-05-08
20231009-00001129,south_jakarta,male,organic,2023-10-09,2026-05-22
20231010-00001130,south_jakarta,female,organic,2023-10-10,2026-06-19
20231010-00001131,tangerang_city,female,organic,2023-10-10,2026-05-06
20231010-00001132,south_jakarta,female,organic,2023-10-10,2026-06-12
20231010-00001133,south_jakarta,female,paid,2023-10-10,2026-05-02
20231011-00001134,tangerang_city,female,paid,2023-10-11,2026-04-04
20231011-00001135,north_jakarta,female,organic,2023-10-11,2026-03-23
20231011-00001136,tangerang_city,female,organic,2023-10-11,2026-06-06
20231011-00001137,central_jakarta,male,organic,2023-10-11,2026-04-16
20231012-00001138,west_jakarta,female,paid,2023-10-12,2026-02-02
20231012-00001139,tangerang_city,male,paid,2023-10-12,2026-02-13
20231012-00001140,central_jakarta,male,organic,2023-10-12,2026-05-29
20231012-00001141,tangerang_city,female,organic,2023-10-12,2026-05-24
20231013-00001142,central_jakarta,male,paid,2023-10-13,2026-05-30
20231013-00001143,south_jakarta,female,organic,2023-10-13,2026-04-19
20231013-00001144,south_jakarta,male,organic,2023-10-13,2026-06-02
20231013-00001145,central_jakarta,female,organic,2023-10-13,2026-03-31
20231014-00001146,south_jakarta,male,paid,2023-10-14,2026-06-04
20231014-00001147,central_jakarta,male,organic,2023-10-14,2026-05-24
20231014-00001148,west_jakarta,male,paid,2023-10-14,2026-06-15
20231014-00001149,south_tangerang,male,paid,2023-10-14,2026-06-05
20231015-00001150,east_jakarta,male,organic,2023-10-15,2026-06-19
20231015-00001151,central_jakarta,male,organic,2023-10-15,2026-03-22
20231015-00001152,tangerang_city,female,paid,2023-10-15,2026-02-18
20231015-00001153,south_jakarta,female,paid,2023-10-15,2026-05-23
20231015-00001154,south_jakarta,male,organic,2023-10-15,2026-03-15
20231016-00001155,tangerang_city,female,paid,2023-10-16,2026-05-05
20231016-00001156,south_tangerang,male,organic,2023-10-16,2026-06-06
20231016-00001157,south_jakarta,female,paid,2023-10-16,2026-06-11
20231017-00001158,central_jakarta,male,organic,2023-10-17,2026-05-21
20231017-00001159,west_jakarta,male,organic,2023-10-17,2026-02-25
20231017-00001160,south_jakarta,male,paid,2023-10-17,2026-05-10
20231017-00001161,tangerang_city,male,paid,2023-10-17,2026-04-11
20231018-00001162,central_jakarta,male,organic,2023-10-18,2026-04-30
20231018-00001163,south_jakarta,male,paid,2023-10-18,2026-04-04
20231019-00001164,south_jakarta,female,organic,2023-10-19,2026-06-01
20231019-00001165,south_jakarta,female,organic,2023-10-19,2026-05-25
20231020-00001166,east_jakarta,female,paid,2023-10-20,2026-06-05
20231020-00001167,east_jakarta,male,organic,2023-10-20,2026-02-22
20231021-00001168,south_tangerang,female,paid,2023-10-21,2025-10-15
20231021-00001169,east_jakarta,male,organic,2023-10-21,2026-04-19
20231021-00001170,south_jakarta,male,paid,2023-10-21,2026-04-19
20231021-00001171,west_jakarta,male,organic,2023-10-21,2026-06-18
20231022-00001172,west_jakarta,female,organic,2023-10-22,2026-01-25
20231023-00001173,east_jakarta,male,organic,2023-10-23,2026-06-10
20231023-00001174,west_jakarta,male,organic,2023-10-23,2026-06-16
20231023-00001175,south_jakarta,female,organic,2023-10-23,2026-06-05
20231023-00001176,tangerang_city,male,organic,2023-10-23,2026-03-21
20231024-00001177,south_jakarta,female,paid,2023-10-24,2026-02-14
20231024-00001178,south_jakarta,male,organic,2023-10-24,2026-05-01
20231024-00001179,south_tangerang,female,paid,2023-10-24,2026-05-30
20231026-00001180,south_jakarta,male,organic,2023-10-26,2026-05-08
20231026-00001181,tangerang_city,male,organic,2023-10-26,2026-06-06
20231026-00001182,south_jakarta,male,paid,2023-10-26,2026-03-04
20231027-00001183,central_jakarta,female,paid,2023-10-27,2026-06-10
20231027-00001184,north_jakarta,male,organic,2023-10-27,2026-03-08
20231028-00001185,west_jakarta,female,organic,2023-10-28,2025-12-23
20231028-00001186,north_jakarta,female,paid,2023-10-28,2026-06-13
20231028-00001187,tangerang_city,male,organic,2023-10-28,2026-06-19
20231028-00001188,west_jakarta,female,organic,2023-10-28,2026-02-04
20231028-00001189,tangerang_city,female,paid,2023-10-28,2026-06-07
20231029-00001190,west_jakarta,female,organic,2023-10-29,2026-06-13
20231029-00001191,south_tangerang,female,organic,2023-10-29,2026-05-30
20231030-00001192,east_jakarta,female,organic,2023-10-30,2026-05-02
20231030-00001193,west_jakarta,male,paid,2023-10-30,2026-04-05
20231030-00001194,south_jakarta,male,organic,2023-10-30,2026-05-23
20231030-00001195,south_jakarta,male,organic,2023-10-30,2026-03-27
20231030-00001196,tangerang_city,male,organic,2023-10-30,2026-06-17
20231031-00001197,west_jakarta,male,organic,2023-10-31,2026-03-12
20231031-00001198,south_jakarta,female,organic,2023-10-31,2026-03-28
20231101-00001199,central_jakarta,female,organic,2023-11-01,2026-06-01
20231102-00001200,east_jakarta,male,organic,2023-11-02,2026-03-13
20231103-00001201,west_jakarta,female,paid,2023-11-03,2026-06-02
20231103-00001202,east_jakarta,female,paid,2023-11-03,2026-06-17
20231103-00001203,central_jakarta,male,organic,2023-11-03,2026-06-18
20231103-00001204,south_tangerang,male,organic,2023-11-03,2026-02-06
20231103-00001205,south_jakarta,male,organic,2023-11-03,2026-06-13
20231104-00001206,south_jakarta,female,organic,2023-11-04,2026-06-14
20231104-00001207,south_tangerang,male,organic,2023-11-04,2026-06-19
20231104-00001208,east_jakarta,female,organic,2023-11-04,2025-12-15
20231104-00001209,south_jakarta,female,organic,2023-11-04,2026-04-04
20231104-00001210,central_jakarta,female,organic,2023-11-04,2026-02-15
20231105-00001211,north_jakarta,female,organic,2023-11-05,2026-06-06
20231105-00001212,east_jakarta,female,organic,2023-11-05,2025-11-28
20231105-00001213,east_jakarta,female,paid,2023-11-05,2026-06-14
20231105-00001214,south_tangerang,male,paid,2023-11-05,2026-06-07
20231105-00001215,south_tangerang,female,paid,2023-11-05,2026-03-22
20231105-00001216,tangerang_city,female,organic,2023-11-05,2026-05-04
20231106-00001217,north_jakarta,male,organic,2023-11-06,2026-04-23
20231106-00001218,south_jakarta,female,paid,2023-11-06,2026-05-23
20231106-00001219,tangerang_city,male,organic,2023-11-06,2026-05-15
20231106-00001220,north_jakarta,female,paid,2023-11-06,2026-04-25
20231106-00001221,north_jakarta,male,paid,2023-11-06,2026-04-25
20231107-00001222,tangerang_city,female,organic,2023-11-07,2026-06-14
20231107-00001223,north_jakarta,male,paid,2023-11-07,2026-02-17
20231107-00001224,west_jakarta,male,organic,2023-11-07,2026-05-03
20231108-00001225,north_jakarta,female,organic,2023-11-08,2026-01-10
20231108-00001226,south_tangerang,female,paid,2023-11-08,2026-06-08
20231108-00001227,east_jakarta,male,organic,2023-11-08,2026-06-03
20231108-00001228,south_tangerang,male,paid,2023-11-08,2026-06-07
20231108-00001229,south_jakarta,female,organic,2023-11-08,2026-06-16
20231109-00001230,east_jakarta,female,organic,2023-11-09,2026-04-24
20231109-00001231,tangerang_city,female,organic,2023-11-09,2026-06-04
20231109-00001232,central_jakarta,male,paid,2023-11-09,2026-05-28
20231110-00001233,north_jakarta,female,organic,2023-11-10,2026-06-06
20231110-00001234,central_jakarta,male,organic,2023-11-10,2026-03-06
20231110-00001235,south_tangerang,male,organic,2023-11-10,2026-06-12
20231110-00001236,central_jakarta,male,paid,2023-11-10,2026-05-19
20231111-00001237,east_jakarta,female,organic,2023-11-11,2026-02-28
20231111-00001238,north_jakarta,male,paid,2023-11-11,2025-09-03
20231111-00001239,tangerang_city,female,organic,2023-11-11,2026-03-29
20231111-00001240,south_jakarta,female,paid,2023-11-11,2026-06-19
20231111-00001241,east_jakarta,female,paid,2023-11-11,2026-05-13
20231111-00001242,tangerang_city,female,paid,2023-11-11,2026-06-19
20231112-00001243,west_jakarta,female,organic,2023-11-12,2025-11-30
20231112-00001244,south_jakarta,male,paid,2023-11-12,2025-12-07
20231112-00001245,north_jakarta,female,paid,2023-11-12,2026-06-10
20231112-00001246,south_jakarta,male,paid,2023-11-12,2026-05-08
20231112-00001247,east_jakarta,male,paid,2023-11-12,2025-12-29
20231112-00001248,east_jakarta,male,organic,2023-11-12,2026-05-30
20231112-00001249,south_jakarta,male,organic,2023-11-12,2026-03-17
20231113-00001250,central_jakarta,female,organic,2023-11-13,2026-06-15
20231113-00001251,west_jakarta,female,paid,2023-11-13,2026-05-20
20231113-00001252,south_jakarta,male,paid,2023-11-13,2026-04-05
20231113-00001253,west_jakarta,male,paid,2023-11-13,2026-06-08
20231114-00001254,north_jakarta,female,paid,2023-11-14,2026-06-04
20231114-00001255,north_jakarta,female,organic,2023-11-14,2026-05-23
20231114-00001256,central_jakarta,female,paid,2023-11-14,2026-02-11
20231114-00001257,west_jakarta,male,paid,2023-11-14,2026-02-05
20231114-00001258,west_jakarta,male,organic,2023-11-14,2026-01-31
20231115-00001259,south_jakarta,male,organic,2023-11-15,2026-04-02
20231116-00001260,south_jakarta,female,organic,2023-11-16,2026-05-11
20231117-00001261,tangerang_city,male,organic,2023-11-17,2026-05-21
20231117-00001262,north_jakarta,male,organic,2023-11-17,2026-06-12
20231117-00001263,east_jakarta,male,organic,2023-11-17,2026-04-21
20231118-00001264,south_tangerang,female,organic,2023-11-18,2026-05-17
20231118-00001265,south_jakarta,male,organic,2023-11-18,2026-02-13
20231118-00001266,tangerang_city,female,paid,2023-11-18,2026-06-18
20231118-00001267,central_jakarta,female,organic,2023-11-18,2025-12-28
20231118-00001268,tangerang_city,female,organic,2023-11-18,2026-05-29
20231118-00001269,south_tangerang,male,organic,2023-11-18,2026-04-18
20231119-00001270,south_jakarta,female,organic,2023-11-19,2026-05-31
20231119-00001271,north_jakarta,female,organic,2023-11-19,2026-01-17
20231119-00001272,south_jakarta,male,paid,2023-11-19,2026-06-19
20231120-00001273,east_jakarta,male,paid,2023-11-20,2026-05-30
20231120-00001274,east_jakarta,female,organic,2023-11-20,2026-05-24
20231120-00001275,west_jakarta,male,organic,2023-11-20,2026-04-26
20231121-00001276,tangerang_city,male,paid,2023-11-21,2025-12-28
20231121-00001277,east_jakarta,male,organic,2023-11-21,2026-02-27
20231122-00001278,east_jakarta,male,paid,2023-11-22,2026-02-03
20231123-00001279,south_tangerang,female,paid,2023-11-23,2026-04-12
20231123-00001280,tangerang_city,female,paid,2023-11-23,2026-06-12
20231123-00001281,east_jakarta,male,paid,2023-11-23,2026-06-12
20231123-00001282,south_jakarta,female,organic,2023-11-23,2026-05-31
20231123-00001283,central_jakarta,female,paid,2023-11-23,2026-05-17
20231123-00001284,south_tangerang,female,organic,2023-11-23,2026-06-19
20231124-00001285,south_jakarta,female,organic,2023-11-24,2026-02-07
20231124-00001286,south_tangerang,male,organic,2023-11-24,2026-05-03
20231124-00001287,west_jakarta,male,organic,2023-11-24,2026-05-31
20231124-00001288,south_tangerang,male,organic,2023-11-24,2026-06-06
20231124-00001289,south_jakarta,male,organic,2023-11-24,2026-01-24
20231124-00001290,south_jakarta,male,organic,2023-11-24,2026-06-19
20231125-00001291,west_jakarta,female,paid,2023-11-25,2026-03-18
20231125-00001292,central_jakarta,female,paid,2023-11-25,2026-06-16
20231125-00001293,east_jakarta,male,organic,2023-11-25,2026-04-09
20231125-00001294,south_jakarta,female,organic,2023-11-25,2026-03-23
20231125-00001295,central_jakarta,male,organic,2023-11-25,2025-12-23
20231125-00001296,south_jakarta,female,organic,2023-11-25,2026-05-17
20231126-00001297,west_jakarta,male,organic,2023-11-26,2026-05-30
20231126-00001298,east_jakarta,male,organic,2023-11-26,2026-05-15
20231126-00001299,central_jakarta,male,organic,2023-11-26,2026-05-31
20231127-00001300,central_jakarta,female,paid,2023-11-27,2026-03-02
20231127-00001301,south_jakarta,female,organic,2023-11-27,2026-04-06
20231127-00001302,tangerang_city,female,paid,2023-11-27,2026-05-29
20231127-00001303,south_jakarta,male,organic,2023-11-27,2026-05-31
20231128-00001304,central_jakarta,female,organic,2023-11-28,2026-06-10
20231129-00001305,south_tangerang,male,organic,2023-11-29,2026-03-07
20231129-00001306,north_jakarta,female,organic,2023-11-29,2025-12-22
20231129-00001307,west_jakarta,male,organic,2023-11-29,2026-03-22
20231129-00001308,tangerang_city,female,organic,2023-11-29,2026-06-04
20231130-00001309,central_jakarta,female,organic,2023-11-30,2025-12-21
20231130-00001310,south_tangerang,male,organic,2023-11-30,2026-05-26
20231130-00001311,south_jakarta,female,paid,2023-11-30,2026-06-04
20231130-00001312,east_jakarta,female,paid,2023-11-30,2026-05-21
20231201-00001313,south_jakarta,male,paid,2023-12-01,2026-03-14
20231201-00001314,south_tangerang,female,organic,2023-12-01,2026-06-06
20231202-00001315,south_tangerang,male,paid,2023-12-02,2026-06-17
20231202-00001316,tangerang_city,female,organic,2023-12-02,2026-03-23
20231202-00001317,west_jakarta,male,paid,2023-12-02,2026-06-11
20231202-00001318,west_jakarta,female,organic,2023-12-02,2026-04-10
20231202-00001319,west_jakarta,male,paid,2023-12-02,2026-06-12
20231203-00001320,east_jakarta,female,organic,2023-12-03,2026-05-26
20231203-00001321,tangerang_city,male,paid,2023-12-03,2026-06-08
20231203-00001322,central_jakarta,male,paid,2023-12-03,2026-06-03
20231203-00001323,west_jakarta,male,paid,2023-12-03,2026-03-28
20231203-00001324,west_jakarta,female,organic,2023-12-03,2026-05-02
20231204-00001325,south_jakarta,male,organic,2023-12-04,2026-06-07
20231204-00001326,central_jakarta,male,organic,2023-12-04,2026-03-21
20231205-00001327,central_jakarta,female,organic,2023-12-05,2026-03-29
20231205-00001328,west_jakarta,female,paid,2023-12-05,2026-06-12
20231206-00001329,east_jakarta,male,organic,2023-12-06,2026-06-15
20231206-00001330,tangerang_city,male,organic,2023-12-06,2026-03-07
20231206-00001331,west_jakarta,female,organic,2023-12-06,2025-12-22
20231207-00001332,south_jakarta,female,organic,2023-12-07,2026-04-02
20231207-00001333,north_jakarta,male,paid,2023-12-07,2026-03-15
20231207-00001334,west_jakarta,female,organic,2023-12-07,2026-06-02
20231207-00001335,south_jakarta,male,organic,2023-12-07,2026-04-06
20231207-00001336,central_jakarta,female,paid,2023-12-07,2026-04-19
20231207-00001337,south_jakarta,male,paid,2023-12-07,2026-05-10
20231208-00001338,south_jakarta,female,organic,2023-12-08,2026-05-24
20231208-00001339,west_jakarta,male,paid,2023-12-08,2026-03-12
20231208-00001340,west_jakarta,female,organic,2023-12-08,2026-05-08
20231209-00001341,south_tangerang,male,paid,2023-12-09,2026-04-14
20231209-00001342,north_jakarta,male,paid,2023-12-09,2026-05-23
20231209-00001343,south_jakarta,female,paid,2023-12-09,2026-02-28
20231209-00001344,west_jakarta,male,paid,2023-12-09,2026-05-24
20231209-00001345,south_jakarta,male,organic,2023-12-09,2026-06-18
20231209-00001346,tangerang_city,female,paid,2023-12-09,2026-06-17
20231210-00001347,central_jakarta,female,organic,2023-12-10,2026-06-06
20231210-00001348,west_jakarta,male,organic,2023-12-10,2026-06-18
20231210-00001349,south_jakarta,male,organic,2023-12-10,2026-02-06
20231211-00001350,south_jakarta,female,paid,2023-12-11,2026-06-09
20231211-00001351,west_jakarta,male,organic,2023-12-11,2026-03-20
20231211-00001352,central_jakarta,male,organic,2023-12-11,2026-06-19
20231211-00001353,tangerang_city,female,organic,2023-12-11,2026-03-08
20231211-00001354,tangerang_city,male,paid,2023-12-11,2026-03-24
20231211-00001355,central_jakarta,female,organic,2023-12-11,2026-02-07
20231211-00001356,south_jakarta,female,organic,2023-12-11,2026-04-15
20231212-00001357,west_jakarta,male,organic,2023-12-12,2026-02-04
20231212-00001358,central_jakarta,male,paid,2023-12-12,2026-06-07
20231212-00001359,central_jakarta,male,paid,2023-12-12,2026-06-16
20231213-00001360,south_jakarta,female,organic,2023-12-13,2026-06-19
20231213-00001361,south_jakarta,male,organic,2023-12-13,2026-05-28
20231213-00001362,west_jakarta,female,paid,2023-12-13,2026-06-13
20231213-00001363,north_jakarta,female,paid,2023-12-13,2026-06-02
20231213-00001364,south_tangerang,female,paid,2023-12-13,2025-12-19
20231213-00001365,east_jakarta,male,organic,2023-12-13,2026-05-24
20231214-00001366,east_jakarta,male,organic,2023-12-14,2026-04-14
20231214-00001367,west_jakarta,male,organic,2023-12-14,2025-12-27
20231214-00001368,east_jakarta,male,organic,2023-12-14,2026-05-31
20231214-00001369,south_tangerang,female,paid,2023-12-14,2026-06-10
20231215-00001370,south_tangerang,female,paid,2023-12-15,2026-03-21
20231216-00001371,east_jakarta,female,organic,2023-12-16,2026-05-29
20231216-00001372,tangerang_city,male,organic,2023-12-16,2026-05-17
20231216-00001373,tangerang_city,female,organic,2023-12-16,2026-05-05
20231217-00001374,west_jakarta,male,organic,2023-12-17,2026-05-25
20231217-00001375,east_jakarta,male,paid,2023-12-17,2026-06-01
20231217-00001376,south_tangerang,female,organic,2023-12-17,2026-06-08
20231217-00001377,west_jakarta,female,organic,2023-12-17,2026-06-14
20231218-00001378,east_jakarta,male,paid,2023-12-18,2025-12-21
20231218-00001379,south_jakarta,female,paid,2023-12-18,2025-12-02
20231218-00001380,north_jakarta,male,organic,2023-12-18,2026-04-21
20231218-00001381,south_tangerang,male,paid,2023-12-18,2026-05-22
20231218-00001382,central_jakarta,male,organic,2023-12-18,2026-05-16
20231219-00001383,north_jakarta,male,organic,2023-12-19,2026-06-08
20231220-00001384,central_jakarta,male,paid,2023-12-20,2026-06-07
20231220-00001385,south_jakarta,female,organic,2023-12-20,2026-06-07
20231220-00001386,east_jakarta,male,organic,2023-12-20,2026-04-27
20231221-00001387,south_jakarta,female,organic,2023-12-21,2026-06-03
20231221-00001388,tangerang_city,female,paid,2023-12-21,2026-06-13
20231221-00001389,north_jakarta,female,organic,2023-12-21,2026-05-12
20231222-00001390,south_jakarta,female,organic,2023-12-22,2026-05-22
20231222-00001391,south_jakarta,female,paid,2023-12-22,2026-06-11
20231222-00001392,south_jakarta,female,organic,2023-12-22,2026-02-25
20231223-00001393,south_jakarta,male,organic,2023-12-23,2026-02-21
20231223-00001394,south_jakarta,male,paid,2023-12-23,2026-03-30
20231224-00001395,south_jakarta,female,organic,2023-12-24,2026-05-22
20231224-00001396,west_jakarta,female,organic,2023-12-24,2026-01-02
20231224-00001397,central_jakarta,female,organic,2023-12-24,2026-05-10
20231224-00001398,west_jakarta,female,organic,2023-12-24,2026-05-17
20231224-00001399,south_jakarta,male,paid,2023-12-24,2026-03-04
20231225-00001400,south_jakarta,female,organic,2023-12-25,2026-03-29
20231225-00001401,west_jakarta,male,organic,2023-12-25,2026-05-08
20231225-00001402,west_jakarta,female,organic,2023-12-25,2026-04-09
20231226-00001403,east_jakarta,female,organic,2023-12-26,2026-04-13
20231226-00001404,south_jakarta,male,organic,2023-12-26,2026-06-17
20231226-00001405,central_jakarta,female,organic,2023-12-26,2026-05-16
20231227-00001406,central_jakarta,female,organic,2023-12-27,2026-05-08
20231227-00001407,central_jakarta,female,organic,2023-12-27,2026-05-31
20231227-00001408,central_jakarta,male,paid,2023-12-27,2026-06-01
20231227-00001409,south_tangerang,female,paid,2023-12-27,2026-02-14
20231227-00001410,north_jakarta,male,paid,2023-12-27,2026-06-16
20231227-00001411,west_jakarta,female,organic,2023-12-27,2026-06-07
20231228-00001412,tangerang_city,female,organic,2023-12-28,2026-03-27
20231228-00001413,west_jakarta,female,organic,2023-12-28,2026-04-01
20231228-00001414,north_jakarta,female,paid,2023-12-28,2026-01-01
20231229-00001415,tangerang_city,female,organic,2023-12-29,2026-06-14
20231230-00001416,west_jakarta,male,organic,2023-12-30,2026-05-11
20231230-00001417,central_jakarta,female,organic,2023-12-30,2026-06-07
20231230-00001418,south_jakarta,male,organic,2023-12-30,2026-05-23
20231230-00001419,south_jakarta,female,organic,2023-12-30,2026-02-13
20231230-00001420,north_jakarta,female,organic,2023-12-30,2026-04-25
20231230-00001421,tangerang_city,female,paid,2023-12-30,2026-06-12
20231230-00001422,east_jakarta,male,paid,2023-12-30,2026-05-31
20231230-00001423,south_tangerang,female,organic,2023-12-30,2026-06-17
20231230-00001424,south_jakarta,female,organic,2023-12-30,2026-04-26
20231230-00001425,east_jakarta,female,organic,2023-12-30,2026-01-06
20231230-00001426,tangerang_city,male,organic,2023-12-30,2026-03-07
20231231-00001427,south_tangerang,male,organic,2023-12-31,2026-04-04
20231231-00001428,south_jakarta,male,paid,2023-12-31,2026-03-08
20231231-00001429,central_jakarta,female,paid,2023-12-31,2026-05-20
20231231-00001430,south_jakarta,male,organic,2023-12-31,2026-04-15
20240101-00001431,south_tangerang,female,paid,2024-01-01,2026-03-01
20240101-00001432,north_jakarta,female,organic,2024-01-01,2026-03-21
20240102-00001433,south_jakarta,male,organic,2024-01-02,2026-06-07
20240102-00001434,south_jakarta,male,organic,2024-01-02,2026-06-06
20240102-00001435,east_jakarta,female,organic,2024-01-02,2026-06-13
20240102-00001436,south_tangerang,male,paid,2024-01-02,2025-10-29
20240103-00001437,west_jakarta,male,organic,2024-01-03,2026-06-18
20240103-00001438,tangerang_city,male,paid,2024-01-03,2026-02-20
20240103-00001439,south_jakarta,male,organic,2024-01-03,2026-06-19
20240103-00001440,east_jakarta,male,paid,2024-01-03,2026-04-17
20240104-00001441,north_jakarta,male,paid,2024-01-04,2026-05-29
20240106-00001442,tangerang_city,male,paid,2024-01-06,2026-06-06
20240106-00001443,east_jakarta,male,organic,2024-01-06,2026-05-02
20240106-00001444,north_jakarta,female,paid,2024-01-06,2026-06-11
20240107-00001445,south_jakarta,female,paid,2024-01-07,2026-03-14
20240107-00001446,south_tangerang,female,paid,2024-01-07,2026-06-07
20240108-00001447,south_jakarta,male,paid,2024-01-08,2026-04-13
20240109-00001448,north_jakarta,female,organic,2024-01-09,2026-05-24
20240111-00001449,central_jakarta,female,paid,2024-01-11,2026-02-06
20240112-00001450,south_jakarta,female,paid,2024-01-12,2026-03-28
20240113-00001451,east_jakarta,male,organic,2024-01-13,2026-02-27
20240113-00001452,central_jakarta,female,organic,2024-01-13,2026-03-10
20240114-00001453,tangerang_city,female,organic,2024-01-14,2026-04-09
20240115-00001454,west_jakarta,male,organic,2024-01-15,2026-02-26
20240115-00001455,central_jakarta,male,paid,2024-01-15,2026-03-26
20240116-00001456,west_jakarta,female,paid,2024-01-16,2026-03-28
20240116-00001457,south_jakarta,male,organic,2024-01-16,2026-04-14
20240119-00001458,south_tangerang,female,paid,2024-01-19,2026-05-31
20240119-00001459,tangerang_city,female,paid,2024-01-19,2026-01-15
20240119-00001460,south_jakarta,female,paid,2024-01-19,2026-02-10
20240121-00001461,west_jakarta,male,paid,2024-01-21,2026-05-28
20240121-00001462,south_tangerang,male,paid,2024-01-21,2026-03-16
20240121-00001463,west_jakarta,male,paid,2024-01-21,2026-06-08
20240121-00001464,north_jakarta,male,paid,2024-01-21,2026-01-24
20240122-00001465,east_jakarta,male,organic,2024-01-22,2026-04-12
20240122-00001466,tangerang_city,female,organic,2024-01-22,2026-06-07
20240124-00001467,central_jakarta,female,paid,2024-01-24,2026-06-19
20240125-00001468,tangerang_city,male,organic,2024-01-25,2026-06-13
20240127-00001469,central_jakarta,female,paid,2024-01-27,2026-06-19
20240128-00001470,south_jakarta,female,organic,2024-01-28,2026-06-17
20240128-00001471,east_jakarta,female,organic,2024-01-28,2026-03-13
20240128-00001472,north_jakarta,female,paid,2024-01-28,2026-05-13
20240129-00001473,tangerang_city,male,paid,2024-01-29,2026-04-12
20240131-00001474,north_jakarta,female,organic,2024-01-31,2026-02-14
20240131-00001475,south_jakarta,female,organic,2024-01-31,2026-03-20
20240201-00001476,central_jakarta,male,organic,2024-02-01,2026-04-11
20240201-00001477,east_jakarta,female,paid,2024-02-01,2026-05-20
20240201-00001478,east_jakarta,male,organic,2024-02-01,2026-06-03
20240202-00001479,south_jakarta,female,organic,2024-02-02,2026-06-14
20240202-00001480,tangerang_city,female,paid,2024-02-02,2026-06-05
20240202-00001481,south_jakarta,female,organic,2024-02-02,2026-06-17
20240204-00001482,east_jakarta,male,organic,2024-02-04,2026-05-06
20240204-00001483,central_jakarta,male,organic,2024-02-04,2026-02-21
20240204-00001484,east_jakarta,male,paid,2024-02-04,2026-05-30
20240205-00001485,south_tangerang,male,organic,2024-02-05,2026-06-15
20240205-00001486,south_tangerang,male,paid,2024-02-05,2026-01-25
20240207-00001487,south_jakarta,female,organic,2024-02-07,2026-05-08
20240207-00001488,south_jakarta,male,organic,2024-02-07,2026-06-19
20240207-00001489,west_jakarta,male,paid,2024-02-07,2026-05-14
20240208-00001490,west_jakarta,male,paid,2024-02-08,2026-06-06
20240208-00001491,north_jakarta,male,paid,2024-02-08,2026-06-12
20240209-00001492,north_jakarta,male,paid,2024-02-09,2026-06-06
20240209-00001493,central_jakarta,male,organic,2024-02-09,2026-05-20
20240209-00001494,west_jakarta,male,organic,2024-02-09,2026-03-15
20240209-00001495,east_jakarta,male,paid,2024-02-09,2026-05-08
20240210-00001496,east_jakarta,female,paid,2024-02-10,2026-05-13
20240211-00001497,west_jakarta,female,organic,2024-02-11,2026-06-14
20240211-00001498,west_jakarta,male,organic,2024-02-11,2026-05-06
20240212-00001499,central_jakarta,female,paid,2024-02-12,2026-06-09
20240212-00001500,tangerang_city,female,paid,2024-02-12,2026-06-14
20240212-00001501,south_tangerang,female,paid,2024-02-12,2026-01-20
20240212-00001502,south_jakarta,female,paid,2024-02-12,2026-02-08
20240213-00001503,north_jakarta,male,paid,2024-02-13,2026-06-17
20240213-00001504,central_jakarta,male,organic,2024-02-13,2026-04-13
20240217-00001505,south_jakarta,female,organic,2024-02-17,2026-04-11
20240217-00001506,central_jakarta,male,paid,2024-02-17,2026-02-14
20240217-00001507,central_jakarta,male,organic,2024-02-17,2026-06-19
20240217-00001508,west_jakarta,male,organic,2024-02-17,2026-04-21
20240218-00001509,west_jakarta,male,organic,2024-02-18,2026-05-03
20240218-00001510,south_tangerang,male,paid,2024-02-18,2026-06-13
20240219-00001511,tangerang_city,male,paid,2024-02-19,2026-06-01
20240219-00001512,west_jakarta,female,organic,2024-02-19,2026-04-11
20240219-00001513,central_jakarta,female,organic,2024-02-19,2025-12-12
20240219-00001514,south_jakarta,male,organic,2024-02-19,2026-05-24
20240220-00001515,north_jakarta,female,paid,2024-02-20,2026-06-07
20240223-00001516,south_jakarta,female,organic,2024-02-23,2026-06-07
20240223-00001517,east_jakarta,female,paid,2024-02-23,2026-06-15
20240224-00001518,central_jakarta,female,organic,2024-02-24,2026-03-29
20240224-00001519,south_tangerang,female,organic,2024-02-24,2026-02-15
20240225-00001520,south_tangerang,male,organic,2024-02-25,2026-06-10
20240225-00001521,east_jakarta,male,organic,2024-02-25,2026-02-14
20240227-00001522,south_jakarta,female,organic,2024-02-27,2026-05-02
20240227-00001523,west_jakarta,male,organic,2024-02-27,2026-03-13
20240229-00001524,south_jakarta,female,paid,2024-02-29,2026-06-14
20240229-00001525,central_jakarta,female,paid,2024-02-29,2026-06-14
20240229-00001526,south_jakarta,female,organic,2024-02-29,2026-03-17
20240302-00001527,east_jakarta,female,organic,2024-03-02,2026-06-15
20240302-00001528,south_jakarta,female,paid,2024-03-02,2026-04-28
20240302-00001529,east_jakarta,female,organic,2024-03-02,2026-04-09
20240303-00001530,central_jakarta,female,organic,2024-03-03,2026-05-23
20240304-00001531,west_jakarta,male,organic,2024-03-04,2026-05-13
20240304-00001532,south_tangerang,male,paid,2024-03-04,2026-05-31
20240304-00001533,south_tangerang,male,paid,2024-03-04,2026-01-03
20240306-00001534,tangerang_city,female,organic,2024-03-06,2026-06-12
20240307-00001535,tangerang_city,female,organic,2024-03-07,2026-05-09
20240308-00001536,west_jakarta,female,paid,2024-03-08,2026-06-09
20240308-00001537,south_tangerang,male,organic,2024-03-08,2026-05-31
20240308-00001538,west_jakarta,female,paid,2024-03-08,2026-06-19
20240309-00001539,tangerang_city,female,organic,2024-03-09,2026-03-22
20240309-00001540,tangerang_city,female,organic,2024-03-09,2026-05-28
20240310-00001541,south_tangerang,male,organic,2024-03-10,2026-02-14
20240310-00001542,central_jakarta,female,organic,2024-03-10,2026-02-02
20240310-00001543,east_jakarta,male,paid,2024-03-10,2026-05-25
20240311-00001544,south_jakarta,female,organic,2024-03-11,2026-06-14
20240311-00001545,tangerang_city,female,organic,2024-03-11,2026-06-07
20240311-00001546,south_tangerang,female,organic,2024-03-11,2026-06-18
20240312-00001547,central_jakarta,male,organic,2024-03-12,2026-04-27
20240312-00001548,west_jakarta,male,paid,2024-03-12,2026-06-15
20240314-00001549,east_jakarta,male,organic,2024-03-14,2026-05-01
20240314-00001550,tangerang_city,female,organic,2024-03-14,2026-05-13
20240314-00001551,south_tangerang,male,paid,2024-03-14,2026-06-13
20240315-00001552,central_jakarta,female,paid,2024-03-15,2026-06-17
20240315-00001553,north_jakarta,male,organic,2024-03-15,2026-06-16
20240315-00001554,tangerang_city,female,paid,2024-03-15,2026-06-14
20240315-00001555,south_jakarta,male,organic,2024-03-15,2026-03-02
20240315-00001556,central_jakarta,female,organic,2024-03-15,2026-04-25
20240315-00001557,south_tangerang,male,paid,2024-03-15,2026-06-05
20240316-00001558,south_tangerang,female,organic,2024-03-16,2026-05-17
20240317-00001559,south_tangerang,male,paid,2024-03-17,2026-06-16
20240317-00001560,south_tangerang,female,organic,2024-03-17,2026-03-30
20240317-00001561,south_tangerang,male,organic,2024-03-17,2026-05-29
20240318-00001562,west_jakarta,female,paid,2024-03-18,2026-06-07
20240319-00001563,north_jakarta,female,organic,2024-03-19,2026-05-04
20240319-00001564,east_jakarta,female,paid,2024-03-19,2026-05-09
20240319-00001565,east_jakarta,female,organic,2024-03-19,2026-04-18
20240319-00001566,west_jakarta,male,paid,2024-03-19,2026-06-08
20240320-00001567,east_jakarta,female,organic,2024-03-20,2026-06-15
20240321-00001568,east_jakarta,male,paid,2024-03-21,2026-01-27
20240321-00001569,south_jakarta,female,paid,2024-03-21,2026-05-18
20240322-00001570,south_jakarta,male,organic,2024-03-22,2026-02-04
20240322-00001571,south_tangerang,male,organic,2024-03-22,2026-03-01
20240323-00001572,south_jakarta,male,organic,2024-03-23,2026-05-16
20240323-00001573,central_jakarta,female,paid,2024-03-23,2026-03-29
20240323-00001574,south_tangerang,female,organic,2024-03-23,2026-06-16
20240324-00001575,south_tangerang,female,paid,2024-03-24,2026-06-14
20240324-00001576,east_jakarta,male,paid,2024-03-24,2026-02-22
20240324-00001577,south_jakarta,male,organic,2024-03-24,2026-06-03
20240325-00001578,south_jakarta,male,paid,2024-03-25,2026-06-13
20240326-00001579,south_jakarta,female,organic,2024-03-26,2026-04-26
20240326-00001580,west_jakarta,male,organic,2024-03-26,2026-04-07
20240327-00001581,tangerang_city,female,paid,2024-03-27,2026-06-16
20240328-00001582,south_jakarta,female,paid,2024-03-28,2026-02-22
20240328-00001583,central_jakarta,female,organic,2024-03-28,2026-05-19
20240328-00001584,central_jakarta,male,paid,2024-03-28,2026-01-31
20240329-00001585,west_jakarta,female,organic,2024-03-29,2026-06-13
20240329-00001586,south_jakarta,male,organic,2024-03-29,2026-02-12
20240329-00001587,east_jakarta,male,organic,2024-03-29,2026-04-20
20240329-00001588,south_tangerang,female,paid,2024-03-29,2026-05-20
20240330-00001589,east_jakarta,male,organic,2024-03-30,2026-06-11
20240330-00001590,south_jakarta,male,organic,2024-03-30,2026-02-01
20240330-00001591,tangerang_city,male,organic,2024-03-30,2026-04-09
20240330-00001592,central_jakarta,male,paid,2024-03-30,2026-06-06
20240331-00001593,east_jakarta,male,organic,2024-03-31,2025-12-08
20240331-00001594,west_jakarta,male,organic,2024-03-31,2026-06-07
20240331-00001595,south_tangerang,female,paid,2024-03-31,2026-01-24
20240401-00001596,east_jakarta,female,organic,2024-04-01,2026-05-16
20240401-00001597,central_jakarta,male,organic,2024-04-01,2026-04-26
20240402-00001598,central_jakarta,male,organic,2024-04-02,2026-04-25
20240402-00001599,tangerang_city,female,organic,2024-04-02,2026-05-18
20240402-00001600,east_jakarta,male,paid,2024-04-02,2026-04-15
20240402-00001601,west_jakarta,male,paid,2024-04-02,2025-12-07
20240404-00001602,central_jakarta,female,paid,2024-04-04,2026-05-27
20240405-00001603,tangerang_city,female,organic,2024-04-05,2026-04-18
20240405-00001604,south_jakarta,male,organic,2024-04-05,2026-05-23
20240406-00001605,west_jakarta,female,paid,2024-04-06,2026-06-18
20240406-00001606,north_jakarta,female,paid,2024-04-06,2026-06-09
20240406-00001607,west_jakarta,male,paid,2024-04-06,2026-06-06
20240406-00001608,east_jakarta,female,organic,2024-04-06,2026-04-10
20240406-00001609,west_jakarta,male,paid,2024-04-06,2026-03-16
20240406-00001610,west_jakarta,male,paid,2024-04-06,2026-06-13
20240407-00001611,south_jakarta,female,paid,2024-04-07,2026-06-07
20240407-00001612,north_jakarta,female,paid,2024-04-07,2026-05-23
20240407-00001613,south_jakarta,female,organic,2024-04-07,2026-06-13
20240407-00001614,central_jakarta,female,organic,2024-04-07,2026-06-07
20240407-00001615,south_jakarta,female,organic,2024-04-07,2026-05-31
20240408-00001616,west_jakarta,female,organic,2024-04-08,2026-04-25
20240408-00001617,south_tangerang,male,organic,2024-04-08,2026-02-14
20240409-00001618,south_jakarta,female,organic,2024-04-09,2026-06-17
20240410-00001619,tangerang_city,female,paid,2024-04-10,2026-05-08
20240411-00001620,south_jakarta,female,paid,2024-04-11,2026-04-04
20240413-00001621,central_jakarta,female,paid,2024-04-13,2026-03-11
20240414-00001622,west_jakarta,female,organic,2024-04-14,2026-05-13
20240414-00001623,tangerang_city,female,organic,2024-04-14,2026-02-01
20240414-00001624,central_jakarta,female,paid,2024-04-14,2026-05-05
20240414-00001625,east_jakarta,female,organic,2024-04-14,2026-06-02
20240415-00001626,south_jakarta,male,organic,2024-04-15,2026-06-11
20240415-00001627,east_jakarta,female,organic,2024-04-15,2026-06-14
20240416-00001628,central_jakarta,female,organic,2024-04-16,2026-05-05
20240417-00001629,north_jakarta,female,organic,2024-04-17,2026-06-15
20240417-00001630,east_jakarta,male,organic,2024-04-17,2026-06-09
20240418-00001631,central_jakarta,male,organic,2024-04-18,2026-05-17
20240418-00001632,tangerang_city,female,organic,2024-04-18,2026-06-14
20240419-00001633,south_tangerang,male,organic,2024-04-19,2026-06-19
20240419-00001634,west_jakarta,female,organic,2024-04-19,2026-05-08
20240419-00001635,south_jakarta,female,organic,2024-04-19,2026-03-17
20240421-00001636,tangerang_city,male,organic,2024-04-21,2026-05-28
20240421-00001637,tangerang_city,female,paid,2024-04-21,2026-05-17
20240421-00001638,central_jakarta,male,organic,2024-04-21,2026-03-29
20240421-00001639,south_jakarta,male,paid,2024-04-21,2026-02-05
20240422-00001640,south_jakarta,female,paid,2024-04-22,2026-02-14
20240422-00001641,central_jakarta,female,paid,2024-04-22,2025-12-16
20240422-00001642,west_jakarta,female,paid,2024-04-22,2026-04-26
20240424-00001643,north_jakarta,male,paid,2024-04-24,2026-05-06
20240424-00001644,south_tangerang,male,paid,2024-04-24,2026-04-29
20240425-00001645,south_jakarta,female,organic,2024-04-25,2026-06-04
20240426-00001646,south_jakarta,female,paid,2024-04-26,2026-06-15
20240426-00001647,north_jakarta,male,paid,2024-04-26,2025-12-13
20240426-00001648,east_jakarta,male,paid,2024-04-26,2026-06-13
20240428-00001649,tangerang_city,female,paid,2024-04-28,2026-02-17
20240428-00001650,central_jakarta,female,paid,2024-04-28,2026-06-13
20240428-00001651,north_jakarta,male,paid,2024-04-28,2026-05-17
20240428-00001652,central_jakarta,male,organic,2024-04-28,2026-03-13
20240429-00001653,north_jakarta,male,paid,2024-04-29,2026-05-25
20240430-00001654,tangerang_city,male,organic,2024-04-30,2026-06-15
20240501-00001655,central_jakarta,male,paid,2024-05-01,2026-06-10
20240501-00001656,west_jakarta,female,organic,2024-05-01,2026-05-27
20240501-00001657,central_jakarta,male,organic,2024-05-01,2026-05-22
20240501-00001658,south_jakarta,female,paid,2024-05-01,2026-05-08
20240501-00001659,central_jakarta,female,paid,2024-05-01,2026-04-20
20240501-00001660,east_jakarta,female,organic,2024-05-01,2026-02-15
20240502-00001661,south_tangerang,male,organic,2024-05-02,2026-05-25
20240503-00001662,south_jakarta,male,organic,2024-05-03,2026-06-16
20240503-00001663,south_tangerang,male,paid,2024-05-03,2026-06-15
20240504-00001664,south_jakarta,male,organic,2024-05-04,2026-06-19
20240504-00001665,south_jakarta,female,organic,2024-05-04,2026-06-06
20240505-00001666,tangerang_city,male,organic,2024-05-05,2026-03-03
20240506-00001667,central_jakarta,male,organic,2024-05-06,2026-05-22
20240506-00001668,west_jakarta,female,paid,2024-05-06,2026-06-14
20240508-00001669,south_tangerang,male,organic,2024-05-08,2026-02-22
20240508-00001670,tangerang_city,female,organic,2024-05-08,2026-06-10
20240509-00001671,west_jakarta,male,paid,2024-05-09,2026-06-01
20240511-00001672,south_jakarta,female,organic,2024-05-11,2026-05-09
20240511-00001673,south_jakarta,female,paid,2024-05-11,2026-05-22
20240512-00001674,west_jakarta,female,organic,2024-05-12,2026-05-30
20240512-00001675,tangerang_city,male,paid,2024-05-12,2026-04-07
20240512-00001676,tangerang_city,female,paid,2024-05-12,2026-06-12
20240512-00001677,west_jakarta,male,paid,2024-05-12,2026-03-14
20240513-00001678,south_jakarta,male,organic,2024-05-13,2026-06-07
20240513-00001679,south_jakarta,female,paid,2024-05-13,2026-06-12
20240513-00001680,south_jakarta,female,paid,2024-05-13,2026-02-28
20240516-00001681,east_jakarta,male,organic,2024-05-16,2026-05-31
20240516-00001682,central_jakarta,female,paid,2024-05-16,2026-03-28
20240516-00001683,north_jakarta,male,paid,2024-05-16,2026-06-02
20240517-00001684,tangerang_city,female,paid,2024-05-17,2026-05-21
20240517-00001685,south_jakarta,male,organic,2024-05-17,2026-03-06
20240517-00001686,central_jakarta,male,paid,2024-05-17,2026-06-08
20240518-00001687,tangerang_city,female,organic,2024-05-18,2026-05-15
20240518-00001688,west_jakarta,female,organic,2024-05-18,2026-06-10
20240522-00001689,north_jakarta,male,organic,2024-05-22,2025-12-12
20240522-00001690,tangerang_city,male,organic,2024-05-22,2026-05-14
20240523-00001691,north_jakarta,female,organic,2024-05-23,2026-01-18
20240524-00001692,north_jakarta,female,organic,2024-05-24,2026-06-16
20240525-00001693,south_jakarta,male,organic,2024-05-25,2026-01-15
20240525-00001694,west_jakarta,male,organic,2024-05-25,2026-02-11
20240525-00001695,east_jakarta,female,paid,2024-05-25,2026-03-14
20240526-00001696,south_jakarta,female,organic,2024-05-26,2026-06-04
20240526-00001697,tangerang_city,male,organic,2024-05-26,2026-06-11
20240527-00001698,east_jakarta,male,paid,2024-05-27,2025-12-13
20240527-00001699,west_jakarta,female,paid,2024-05-27,2026-05-17
20240527-00001700,east_jakarta,female,organic,2024-05-27,2026-05-24
20240528-00001701,west_jakarta,female,organic,2024-05-28,2026-06-11
20240528-00001702,west_jakarta,male,organic,2024-05-28,2026-06-02
20240529-00001703,south_jakarta,male,paid,2024-05-29,2026-05-03
20240530-00001704,central_jakarta,male,organic,2024-05-30,2026-05-01
20240530-00001705,west_jakarta,female,organic,2024-05-30,2026-05-03
20240530-00001706,east_jakarta,male,paid,2024-05-30,2026-04-06
20240601-00001707,tangerang_city,male,paid,2024-06-01,2026-02-07
20240601-00001708,south_tangerang,male,organic,2024-06-01,2026-06-06
20240602-00001709,tangerang_city,female,paid,2024-06-02,2026-06-06
20240602-00001710,south_jakarta,male,paid,2024-06-02,2026-06-19
20240602-00001711,north_jakarta,female,organic,2024-06-02,2026-04-12
20240603-00001712,east_jakarta,male,organic,2024-06-03,2026-04-28
20240603-00001713,east_jakarta,male,paid,2024-06-03,2026-05-15
20240604-00001714,west_jakarta,male,paid,2024-06-04,2026-04-04
20240604-00001715,north_jakarta,male,paid,2024-06-04,2026-06-13
20240604-00001716,south_tangerang,male,paid,2024-06-04,2026-03-29
20240605-00001717,central_jakarta,female,paid,2024-06-05,2026-03-27
20240605-00001718,east_jakarta,male,organic,2024-06-05,2026-06-14
20240605-00001719,central_jakarta,male,paid,2024-06-05,2026-04-17
20240606-00001720,central_jakarta,female,organic,2024-06-06,2026-06-16
20240607-00001721,west_jakarta,female,organic,2024-06-07,2026-02-19
20240607-00001722,south_jakarta,male,paid,2024-06-07,2026-06-02
20240607-00001723,tangerang_city,female,organic,2024-06-07,2026-06-14
20240608-00001724,south_jakarta,male,organic,2024-06-08,2026-06-14
20240608-00001725,central_jakarta,female,organic,2024-06-08,2026-04-17
20240608-00001726,south_jakarta,male,organic,2024-06-08,2026-04-28
20240608-00001727,south_jakarta,female,paid,2024-06-08,2026-06-13
20240609-00001728,south_jakarta,female,paid,2024-06-09,2026-04-01
20240611-00001729,west_jakarta,male,organic,2024-06-11,2026-05-17
20240611-00001730,north_jakarta,female,organic,2024-06-11,2026-05-08
20240612-00001731,west_jakarta,female,organic,2024-06-12,2026-05-17
20240614-00001732,east_jakarta,female,paid,2024-06-14,2026-04-21
20240615-00001733,south_jakarta,male,organic,2024-06-15,2026-06-07
20240615-00001734,central_jakarta,male,paid,2024-06-15,2026-04-16
20240615-00001735,central_jakarta,male,organic,2024-06-15,2026-05-03
20240616-00001736,east_jakarta,female,paid,2024-06-16,2026-03-07
20240616-00001737,east_jakarta,male,organic,2024-06-16,2026-06-16
20240616-00001738,tangerang_city,female,organic,2024-06-16,2026-02-28
20240616-00001739,south_jakarta,male,organic,2024-06-16,2026-02-14
20240617-00001740,tangerang_city,male,organic,2024-06-17,2026-03-25
20240617-00001741,tangerang_city,female,paid,2024-06-17,2026-06-07
20240618-00001742,east_jakarta,male,paid,2024-06-18,2026-05-24
20240618-00001743,south_jakarta,female,organic,2024-06-18,2026-06-07
20240618-00001744,south_jakarta,male,paid,2024-06-18,2026-04-18
20240620-00001745,south_jakarta,female,organic,2024-06-20,2026-06-11
20240620-00001746,west_jakarta,female,paid,2024-06-20,2026-04-12
20240620-00001747,west_jakarta,female,paid,2024-06-20,2026-05-18
20240621-00001748,west_jakarta,female,organic,2024-06-21,2026-02-09
20240621-00001749,central_jakarta,female,paid,2024-06-21,2026-04-21
20240622-00001750,south_jakarta,female,organic,2024-06-22,2026-05-22
20240622-00001751,south_tangerang,female,organic,2024-06-22,2026-06-13
20240622-00001752,south_jakarta,female,paid,2024-06-22,2026-06-13
20240623-00001753,tangerang_city,male,organic,2024-06-23,2026-02-07
20240623-00001754,tangerang_city,male,organic,2024-06-23,2026-06-17
20240623-00001755,east_jakarta,male,organic,2024-06-23,2026-03-06
20240623-00001756,south_jakarta,male,organic,2024-06-23,2026-04-29
20240624-00001757,tangerang_city,female,paid,2024-06-24,2026-06-01
20240625-00001758,north_jakarta,male,paid,2024-06-25,2026-04-28
20240625-00001759,south_tangerang,female,organic,2024-06-25,2026-06-18
20240625-00001760,west_jakarta,male,organic,2024-06-25,2026-05-23
20240626-00001761,central_jakarta,female,paid,2024-06-26,2026-06-19
20240626-00001762,central_jakarta,male,organic,2024-06-26,2026-05-26
20240626-00001763,central_jakarta,female,paid,2024-06-26,2025-12-18
20240627-00001764,central_jakarta,male,organic,2024-06-27,2026-06-18
20240627-00001765,central_jakarta,male,paid,2024-06-27,2026-06-11
20240627-00001766,south_jakarta,male,organic,2024-06-27,2026-03-14
20240629-00001767,central_jakarta,female,organic,2024-06-29,2026-04-23
20240629-00001768,south_jakarta,female,paid,2024-06-29,2026-04-25
20240629-00001769,north_jakarta,male,organic,2024-06-29,2026-04-14
20240630-00001770,tangerang_city,male,organic,2024-06-30,2026-03-07
20240630-00001771,west_jakarta,female,organic,2024-06-30,2026-03-07
20240630-00001772,south_jakarta,male,paid,2024-06-30,2026-06-13
20240701-00001773,central_jakarta,female,paid,2024-07-01,2026-01-23
20240702-00001774,west_jakarta,female,paid,2024-07-02,2026-06-11
20240702-00001775,central_jakarta,male,paid,2024-07-02,2026-03-28
20240703-00001776,tangerang_city,female,paid,2024-07-03,2026-05-14
20240704-00001777,central_jakarta,female,paid,2024-07-04,2026-04-16
20240704-00001778,west_jakarta,male,paid,2024-07-04,2026-05-31
20240704-00001779,central_jakarta,male,organic,2024-07-04,2026-06-19
20240705-00001780,south_jakarta,female,organic,2024-07-05,2026-05-08
20240705-00001781,central_jakarta,female,organic,2024-07-05,2026-04-05
20240705-00001782,central_jakarta,male,organic,2024-07-05,2026-06-16
20240705-00001783,tangerang_city,male,paid,2024-07-05,2026-05-19
20240706-00001784,tangerang_city,male,organic,2024-07-06,2026-05-29
20240706-00001785,central_jakarta,male,organic,2024-07-06,2026-01-27
20240706-00001786,south_jakarta,female,organic,2024-07-06,2026-06-19
20240706-00001787,west_jakarta,female,paid,2024-07-06,2026-06-14
20240706-00001788,south_jakarta,male,paid,2024-07-06,2026-06-13
20240707-00001789,north_jakarta,male,organic,2024-07-07,2026-06-13
20240707-00001790,south_jakarta,female,paid,2024-07-07,2026-06-18
20240707-00001791,central_jakarta,female,organic,2024-07-07,2026-01-23
20240708-00001792,north_jakarta,female,organic,2024-07-08,2026-02-15
20240709-00001793,central_jakarta,female,organic,2024-07-09,2026-04-25
20240710-00001794,east_jakarta,female,paid,2024-07-10,2025-11-23
20240710-00001795,west_jakarta,male,organic,2024-07-10,2026-05-02
20240710-00001796,tangerang_city,female,organic,2024-07-10,2026-06-14
20240711-00001797,south_jakarta,male,paid,2024-07-11,2026-04-29
20240711-00001798,central_jakarta,male,organic,2024-07-11,2026-03-05
20240712-00001799,south_tangerang,male,paid,2024-07-12,2026-04-08
20240712-00001800,east_jakarta,female,paid,2024-07-12,2026-03-11
20240712-00001801,south_jakarta,male,organic,2024-07-12,2026-05-06
20240713-00001802,south_jakarta,male,organic,2024-07-13,2026-05-31
20240713-00001803,north_jakarta,female,paid,2024-07-13,2026-02-04
20240713-00001804,south_jakarta,male,paid,2024-07-13,2026-03-01
20240715-00001805,central_jakarta,male,organic,2024-07-15,2026-04-22
20240716-00001806,south_jakarta,male,organic,2024-07-16,2026-06-19
20240716-00001807,tangerang_city,male,organic,2024-07-16,2026-06-15
20240716-00001808,west_jakarta,male,organic,2024-07-16,2026-05-23
20240719-00001809,tangerang_city,male,organic,2024-07-19,2026-05-03
20240719-00001810,east_jakarta,male,paid,2024-07-19,2026-01-17
20240720-00001811,east_jakarta,female,organic,2024-07-20,2026-06-12
20240720-00001812,central_jakarta,male,organic,2024-07-20,2026-05-31
20240720-00001813,tangerang_city,female,paid,2024-07-20,2026-06-16
20240721-00001814,central_jakarta,female,organic,2024-07-21,2026-05-20
20240721-00001815,south_jakarta,female,organic,2024-07-21,2026-04-05
20240721-00001816,east_jakarta,male,organic,2024-07-21,2026-02-12
20240721-00001817,east_jakarta,male,paid,2024-07-21,2025-11-01
20240721-00001818,south_jakarta,female,organic,2024-07-21,2026-01-16
20240721-00001819,tangerang_city,male,organic,2024-07-21,2026-06-09
20240721-00001820,east_jakarta,female,organic,2024-07-21,2025-11-30
20240722-00001821,south_tangerang,male,paid,2024-07-22,2026-05-30
20240722-00001822,south_jakarta,male,organic,2024-07-22,2026-06-07
20240722-00001823,central_jakarta,female,paid,2024-07-22,2026-06-06
20240723-00001824,south_jakarta,female,organic,2024-07-23,2026-06-15
20240724-00001825,south_jakarta,male,paid,2024-07-24,2026-03-22
20240725-00001826,west_jakarta,female,organic,2024-07-25,2026-05-29
20240725-00001827,south_jakarta,male,paid,2024-07-25,2026-06-07
20240727-00001828,central_jakarta,female,organic,2024-07-27,2026-03-13
20240727-00001829,south_jakarta,male,paid,2024-07-27,2026-01-30
20240727-00001830,tangerang_city,female,paid,2024-07-27,2026-05-31
20240727-00001831,central_jakarta,female,paid,2024-07-27,2026-01-23
20240729-00001832,east_jakarta,female,organic,2024-07-29,2026-06-13
20240729-00001833,central_jakarta,male,paid,2024-07-29,2026-02-16
20240730-00001834,south_tangerang,female,paid,2024-07-30,2026-05-19
20240731-00001835,west_jakarta,female,organic,2024-07-31,2026-01-31
20240731-00001836,south_jakarta,male,organic,2024-07-31,2026-03-18
20240801-00001837,east_jakarta,male,paid,2024-08-01,2026-05-14
20240801-00001838,central_jakarta,female,organic,2024-08-01,2026-03-18
20240801-00001839,south_tangerang,male,organic,2024-08-01,2026-06-15
20240802-00001840,south_jakarta,male,paid,2024-08-02,2026-06-04
20240802-00001841,east_jakarta,male,organic,2024-08-02,2026-06-12
20240802-00001842,south_jakarta,male,organic,2024-08-02,2026-05-31
20240803-00001843,south_tangerang,female,paid,2024-08-03,2026-05-15
20240803-00001844,tangerang_city,female,paid,2024-08-03,2026-06-01
20240804-00001845,central_jakarta,male,organic,2024-08-04,2026-01-26
20240804-00001846,west_jakarta,male,organic,2024-08-04,2026-03-14
20240804-00001847,south_jakarta,male,organic,2024-08-04,2026-06-15
20240804-00001848,south_tangerang,female,organic,2024-08-04,2026-06-13
20240804-00001849,north_jakarta,female,organic,2024-08-04,2026-06-14
20240805-00001850,south_jakarta,male,organic,2024-08-05,2026-04-15
20240805-00001851,tangerang_city,female,organic,2024-08-05,2026-05-24
20240805-00001852,north_jakarta,female,paid,2024-08-05,2026-05-14
20240805-00001853,east_jakarta,male,paid,2024-08-05,2026-06-05
20240806-00001854,west_jakarta,male,paid,2024-08-06,2026-05-02
20240806-00001855,west_jakarta,male,paid,2024-08-06,2026-04-25
20240806-00001856,tangerang_city,female,organic,2024-08-06,2026-03-29
20240806-00001857,tangerang_city,male,paid,2024-08-06,2026-05-17
20240807-00001858,tangerang_city,female,organic,2024-08-07,2026-04-17
20240808-00001859,west_jakarta,male,organic,2024-08-08,2026-06-13
20240809-00001860,east_jakarta,male,paid,2024-08-09,2026-02-28
20240809-00001861,west_jakarta,female,organic,2024-08-09,2026-02-28
20240809-00001862,tangerang_city,male,organic,2024-08-09,2026-02-22
20240809-00001863,west_jakarta,male,paid,2024-08-09,2026-05-02
20240810-00001864,tangerang_city,female,organic,2024-08-10,2026-05-13
20240811-00001865,central_jakarta,female,paid,2024-08-11,2026-05-14
20240811-00001866,east_jakarta,male,paid,2024-08-11,2026-06-13
20240811-00001867,south_jakarta,female,organic,2024-08-11,2026-05-31
20240812-00001868,south_tangerang,female,organic,2024-08-12,2026-06-14
20240813-00001869,west_jakarta,male,organic,2024-08-13,2026-06-13
20240814-00001870,west_jakarta,female,paid,2024-08-14,2026-05-29
20240816-00001871,central_jakarta,female,paid,2024-08-16,2026-03-22
20240816-00001872,west_jakarta,female,organic,2024-08-16,2026-05-28
20240817-00001873,tangerang_city,male,organic,2024-08-17,2026-04-12
20240817-00001874,south_jakarta,female,organic,2024-08-17,2026-05-08
20240817-00001875,central_jakarta,female,organic,2024-08-17,2026-01-12
20240818-00001876,east_jakarta,male,paid,2024-08-18,2026-02-13
20240818-00001877,tangerang_city,male,organic,2024-08-18,2026-03-08
20240818-00001878,tangerang_city,female,organic,2024-08-18,2026-06-14
20240818-00001879,south_tangerang,male,paid,2024-08-18,2026-05-09
20240819-00001880,tangerang_city,female,organic,2024-08-19,2026-05-21
20240819-00001881,south_jakarta,female,paid,2024-08-19,2026-06-08
20240819-00001882,central_jakarta,female,organic,2024-08-19,2026-06-14
20240820-00001883,central_jakarta,male,organic,2024-08-20,2026-01-15
20240821-00001884,west_jakarta,female,organic,2024-08-21,2026-06-19
20240822-00001885,west_jakarta,male,organic,2024-08-22,2026-06-09
20240822-00001886,west_jakarta,male,organic,2024-08-22,2026-06-17
20240822-00001887,west_jakarta,female,paid,2024-08-22,2026-05-10
20240823-00001888,south_jakarta,male,organic,2024-08-23,2026-04-05
20240824-00001889,east_jakarta,female,organic,2024-08-24,2026-05-31
20240824-00001890,central_jakarta,female,organic,2024-08-24,2026-01-27
20240824-00001891,west_jakarta,male,paid,2024-08-24,2026-06-02
20240825-00001892,tangerang_city,female,paid,2024-08-25,2026-05-15
20240825-00001893,south_tangerang,male,paid,2024-08-25,2026-05-28
20240825-00001894,west_jakarta,female,paid,2024-08-25,2026-05-29
20240825-00001895,north_jakarta,male,organic,2024-08-25,2026-06-13
20240827-00001896,west_jakarta,female,paid,2024-08-27,2026-05-05
20240827-00001897,east_jakarta,male,organic,2024-08-27,2026-05-31
20240827-00001898,central_jakarta,male,organic,2024-08-27,2026-04-25
20240827-00001899,tangerang_city,female,paid,2024-08-27,2026-05-29
20240827-00001900,west_jakarta,female,paid,2024-08-27,2026-06-14
20240827-00001901,south_jakarta,male,organic,2024-08-27,2026-01-05
20240828-00001902,south_tangerang,male,paid,2024-08-28,2026-06-19
20240828-00001903,central_jakarta,female,organic,2024-08-28,2026-06-14
20240829-00001904,west_jakarta,female,paid,2024-08-29,2026-04-18
20240830-00001905,east_jakarta,male,paid,2024-08-30,2026-05-29
20240830-00001906,north_jakarta,male,paid,2024-08-30,2026-06-04
20240830-00001907,tangerang_city,female,organic,2024-08-30,2026-06-04
20240830-00001908,tangerang_city,female,organic,2024-08-30,2026-05-31
20240831-00001909,west_jakarta,female,organic,2024-08-31,2025-12-27
20240831-00001910,south_jakarta,female,paid,2024-08-31,2026-06-09
20240901-00001911,west_jakarta,male,paid,2024-09-01,2026-06-03
20240901-00001912,central_jakarta,male,paid,2024-09-01,2026-06-19
20240901-00001913,south_jakarta,male,paid,2024-09-01,2026-03-26
20240901-00001914,south_jakarta,male,paid,2024-09-01,2026-03-09
20240901-00001915,central_jakarta,female,organic,2024-09-01,2026-01-21
20240901-00001916,west_jakarta,female,organic,2024-09-01,2026-06-09
20240901-00001917,south_jakarta,female,organic,2024-09-01,2026-03-14
20240901-00001918,north_jakarta,female,organic,2024-09-01,2026-06-16
20240901-00001919,south_tangerang,male,organic,2024-09-01,2026-03-14
20240902-00001920,west_jakarta,male,organic,2024-09-02,2026-05-08
20240904-00001921,south_jakarta,male,organic,2024-09-04,2026-04-26
20240904-00001922,tangerang_city,male,paid,2024-09-04,2026-02-10
20240904-00001923,north_jakarta,female,organic,2024-09-04,2026-06-07
20240905-00001924,east_jakarta,male,organic,2024-09-05,2026-05-11
20240905-00001925,tangerang_city,female,organic,2024-09-05,2026-06-07
20240905-00001926,north_jakarta,female,paid,2024-09-05,2026-04-24
20240906-00001927,east_jakarta,female,paid,2024-09-06,2026-03-08
20240906-00001928,south_jakarta,female,organic,2024-09-06,2026-05-21
20240906-00001929,central_jakarta,male,organic,2024-09-06,2026-03-11
20240907-00001930,north_jakarta,male,organic,2024-09-07,2026-05-11
20240907-00001931,tangerang_city,female,organic,2024-09-07,2026-02-05
20240908-00001932,south_jakarta,male,organic,2024-09-08,2026-01-16
20240908-00001933,south_tangerang,male,paid,2024-09-08,2026-05-16
20240908-00001934,tangerang_city,male,paid,2024-09-08,2026-03-22
20240908-00001935,central_jakarta,female,paid,2024-09-08,2026-02-02
20240910-00001936,central_jakarta,male,organic,2024-09-10,2026-05-30
20240912-00001937,central_jakarta,male,organic,2024-09-12,2026-05-23
20240913-00001938,south_jakarta,female,paid,2024-09-13,2026-01-10
20240913-00001939,east_jakarta,male,organic,2024-09-13,2026-05-30
20240914-00001940,east_jakarta,female,organic,2024-09-14,2026-03-16
20240914-00001941,east_jakarta,female,organic,2024-09-14,2026-03-14
20240914-00001942,west_jakarta,female,organic,2024-09-14,2026-06-14
20240915-00001943,central_jakarta,female,organic,2024-09-15,2026-06-14
20240915-00001944,south_jakarta,female,paid,2024-09-15,2026-01-18
20240915-00001945,south_jakarta,male,organic,2024-09-15,2026-04-18
20240915-00001946,south_jakarta,male,organic,2024-09-15,2026-05-16
20240916-00001947,east_jakarta,female,organic,2024-09-16,2026-06-10
20240917-00001948,central_jakarta,female,organic,2024-09-17,2026-06-14
20240917-00001949,east_jakarta,male,paid,2024-09-17,2026-05-23
20240917-00001950,central_jakarta,female,organic,2024-09-17,2026-06-07
20240917-00001951,south_tangerang,male,paid,2024-09-17,2026-06-01
20240917-00001952,west_jakarta,male,organic,2024-09-17,2026-06-14
20240918-00001953,east_jakarta,female,organic,2024-09-18,2026-05-17
20240918-00001954,west_jakarta,female,organic,2024-09-18,2026-05-10
20240919-00001955,west_jakarta,male,organic,2024-09-19,2026-06-17
20240919-00001956,south_jakarta,female,organic,2024-09-19,2026-02-03
20240920-00001957,tangerang_city,female,paid,2024-09-20,2026-05-20
20240920-00001958,west_jakarta,male,organic,2024-09-20,2026-04-14
20240920-00001959,west_jakarta,male,paid,2024-09-20,2026-05-07
20240921-00001960,south_jakarta,male,paid,2024-09-21,2026-06-16
20240921-00001961,south_jakarta,female,paid,2024-09-21,2026-06-11
20240921-00001962,central_jakarta,female,paid,2024-09-21,2026-05-11
20240921-00001963,south_tangerang,female,organic,2024-09-21,2026-06-11
20240921-00001964,north_jakarta,female,organic,2024-09-21,2026-06-05
20240922-00001965,tangerang_city,female,organic,2024-09-22,2026-06-07
20240922-00001966,central_jakarta,male,organic,2024-09-22,2026-04-01
20240922-00001967,south_tangerang,male,paid,2024-09-22,2026-03-06
20240923-00001968,west_jakarta,female,organic,2024-09-23,2026-04-17
20240923-00001969,north_jakarta,female,paid,2024-09-23,2026-06-07
20240924-00001970,west_jakarta,female,paid,2024-09-24,2026-06-10
20240924-00001971,south_jakarta,male,paid,2024-09-24,2026-02-03
20240924-00001972,south_tangerang,female,organic,2024-09-24,2025-12-20
20240925-00001973,west_jakarta,male,organic,2024-09-25,2026-03-15
20240925-00001974,tangerang_city,male,organic,2024-09-25,2026-01-27
20240925-00001975,north_jakarta,male,paid,2024-09-25,2026-04-29
20240927-00001976,tangerang_city,male,paid,2024-09-27,2026-04-25
20240928-00001977,east_jakarta,female,organic,2024-09-28,2026-06-17
20240928-00001978,south_jakarta,female,organic,2024-09-28,2026-04-17
20240928-00001979,north_jakarta,female,organic,2024-09-28,2026-06-17
20240928-00001980,central_jakarta,male,paid,2024-09-28,2026-06-06
20240928-00001981,south_jakarta,female,organic,2024-09-28,2026-06-07
20240928-00001982,central_jakarta,male,organic,2024-09-28,2026-05-14
20240929-00001983,south_tangerang,male,organic,2024-09-29,2026-04-20
20240929-00001984,west_jakarta,female,organic,2024-09-29,2026-06-12
20241001-00001985,south_jakarta,male,organic,2024-10-01,2026-04-10
20241001-00001986,tangerang_city,male,organic,2024-10-01,2026-03-04
20241002-00001987,south_tangerang,male,organic,2024-10-02,2026-05-17
20241002-00001988,east_jakarta,female,organic,2024-10-02,2026-02-01
20241003-00001989,north_jakarta,male,organic,2024-10-03,2026-05-21
20241003-00001990,south_jakarta,female,organic,2024-10-03,2026-06-01
20241003-00001991,south_jakarta,male,paid,2024-10-03,2026-04-08
20241004-00001992,south_jakarta,female,organic,2024-10-04,2026-06-02
20241004-00001993,tangerang_city,male,paid,2024-10-04,2026-06-09
20241005-00001994,central_jakarta,male,organic,2024-10-05,2026-05-17
20241005-00001995,west_jakarta,female,organic,2024-10-05,2026-06-19
20241005-00001996,east_jakarta,female,organic,2024-10-05,2026-05-02
20241005-00001997,central_jakarta,female,paid,2024-10-05,2026-05-30
20241005-00001998,north_jakarta,male,organic,2024-10-05,2026-04-13
20241006-00001999,central_jakarta,male,organic,2024-10-06,2026-01-16
20241006-00002000,west_jakarta,female,organic,2024-10-06,2026-04-17
20241006-00002001,south_jakarta,female,organic,2024-10-06,2026-06-17
20241007-00002002,south_jakarta,female,organic,2024-10-07,2026-05-13
20241008-00002003,south_jakarta,female,organic,2024-10-08,2025-11-28
20241008-00002004,south_tangerang,female,paid,2024-10-08,2026-06-16
20241008-00002005,south_tangerang,female,organic,2024-10-08,2026-06-18
20241009-00002006,tangerang_city,male,organic,2024-10-09,2026-06-05
20241009-00002007,south_jakarta,female,paid,2024-10-09,2026-05-31
20241009-00002008,north_jakarta,female,paid,2024-10-09,2026-06-18
20241010-00002009,tangerang_city,female,organic,2024-10-10,2026-05-25
20241011-00002010,east_jakarta,male,paid,2024-10-11,2026-05-15
20241011-00002011,north_jakarta,male,paid,2024-10-11,2026-06-15
20241011-00002012,east_jakarta,female,organic,2024-10-11,2026-05-21
20241012-00002013,east_jakarta,female,organic,2024-10-12,2026-04-26
20241012-00002014,west_jakarta,male,paid,2024-10-12,2026-03-08
20241012-00002015,south_jakarta,female,organic,2024-10-12,2026-03-29
20241012-00002016,east_jakarta,male,paid,2024-10-12,2026-03-18
20241013-00002017,south_tangerang,female,paid,2024-10-13,2026-03-21
20241013-00002018,tangerang_city,male,paid,2024-10-13,2026-03-30
20241013-00002019,tangerang_city,male,organic,2024-10-13,2026-06-10
20241013-00002020,west_jakarta,male,paid,2024-10-13,2026-06-17
20241013-00002021,central_jakarta,female,organic,2024-10-13,2026-06-08
20241014-00002022,west_jakarta,female,organic,2024-10-14,2026-06-06
20241014-00002023,south_jakarta,male,organic,2024-10-14,2026-02-22
20241016-00002024,south_tangerang,male,organic,2024-10-16,2026-05-02
20241016-00002025,south_jakarta,female,paid,2024-10-16,2026-02-23
20241016-00002026,south_tangerang,female,organic,2024-10-16,2026-02-14
20241018-00002027,south_jakarta,male,organic,2024-10-18,2026-04-05
20241019-00002028,south_jakarta,male,organic,2024-10-19,2026-04-05
20241019-00002029,south_jakarta,male,organic,2024-10-19,2026-03-01
20241020-00002030,south_jakarta,female,paid,2024-10-20,2026-04-09
20241020-00002031,west_jakarta,male,paid,2024-10-20,2026-02-22
20241021-00002032,south_jakarta,female,organic,2024-10-21,2026-05-17
20241021-00002033,central_jakarta,female,paid,2024-10-21,2026-06-19
20241021-00002034,west_jakarta,male,organic,2024-10-21,2026-06-12
20241022-00002035,central_jakarta,female,organic,2024-10-22,2026-06-16
20241022-00002036,south_jakarta,female,organic,2024-10-22,2026-05-16
20241023-00002037,south_jakarta,male,organic,2024-10-23,2026-04-23
20241023-00002038,north_jakarta,male,paid,2024-10-23,2026-05-17
20241023-00002039,north_jakarta,male,organic,2024-10-23,2026-06-01
20241024-00002040,west_jakarta,female,organic,2024-10-24,2026-03-27
20241025-00002041,tangerang_city,male,paid,2024-10-25,2026-06-06
20241025-00002042,north_jakarta,male,paid,2024-10-25,2026-04-18
20241025-00002043,south_tangerang,male,organic,2024-10-25,2026-04-09
20241025-00002044,south_jakarta,female,organic,2024-10-25,2026-06-14
20241026-00002045,west_jakarta,female,organic,2024-10-26,2026-01-24
20241027-00002046,central_jakarta,female,organic,2024-10-27,2026-06-02
20241027-00002047,south_jakarta,female,paid,2024-10-27,2026-03-29
20241028-00002048,west_jakarta,female,organic,2024-10-28,2026-03-15
20241028-00002049,east_jakarta,female,paid,2024-10-28,2026-03-26
20241029-00002050,west_jakarta,male,organic,2024-10-29,2026-06-18
20241029-00002051,south_tangerang,female,organic,2024-10-29,2026-03-14
20241029-00002052,central_jakarta,female,paid,2024-10-29,2026-02-05
20241030-00002053,east_jakarta,male,organic,2024-10-30,2026-06-05
20241030-00002054,east_jakarta,male,paid,2024-10-30,2026-02-25
20241030-00002055,west_jakarta,male,organic,2024-10-30,2026-06-02
20241031-00002056,south_tangerang,male,paid,2024-10-31,2026-06-06
20241031-00002057,south_jakarta,male,paid,2024-10-31,2026-06-19
20241031-00002058,north_jakarta,female,organic,2024-10-31,2026-05-26
20241102-00002059,south_jakarta,female,paid,2024-11-02,2026-05-21
20241102-00002060,north_jakarta,male,organic,2024-11-02,2026-05-31
20241102-00002061,west_jakarta,female,paid,2024-11-02,2026-05-29
20241102-00002062,south_jakarta,female,organic,2024-11-02,2026-05-15
20241102-00002063,south_jakarta,male,organic,2024-11-02,2026-05-11
20241103-00002064,south_jakarta,female,organic,2024-11-03,2026-06-10
20241103-00002065,south_tangerang,female,paid,2024-11-03,2026-04-02
20241103-00002066,central_jakarta,female,organic,2024-11-03,2026-05-17
20241103-00002067,south_jakarta,male,organic,2024-11-03,2026-06-15
20241103-00002068,east_jakarta,female,organic,2024-11-03,2026-03-08
20241103-00002069,tangerang_city,male,paid,2024-11-03,2026-03-13
20241104-00002070,south_jakarta,female,organic,2024-11-04,2026-05-17
20241104-00002071,south_jakarta,male,organic,2024-11-04,2026-06-10
20241104-00002072,south_jakarta,male,paid,2024-11-04,2026-05-31
20241105-00002073,south_tangerang,male,organic,2024-11-05,2026-06-12
20241106-00002074,east_jakarta,male,organic,2024-11-06,2026-06-02
20241107-00002075,south_jakarta,female,organic,2024-11-07,2026-06-18
20241108-00002076,central_jakarta,female,organic,2024-11-08,2026-04-10
20241108-00002077,south_tangerang,male,organic,2024-11-08,2026-04-03
20241108-00002078,south_jakarta,male,organic,2024-11-08,2026-04-11
20241109-00002079,central_jakarta,female,paid,2024-11-09,2026-06-19
20241109-00002080,west_jakarta,male,paid,2024-11-09,2026-04-26
20241110-00002081,north_jakarta,female,organic,2024-11-10,2026-06-13
20241110-00002082,central_jakarta,male,paid,2024-11-10,2026-06-09
20241110-00002083,central_jakarta,female,paid,2024-11-10,2026-06-13
20241110-00002084,south_tangerang,male,organic,2024-11-10,2026-05-02
20241111-00002085,south_tangerang,male,paid,2024-11-11,2026-04-11
20241111-00002086,south_tangerang,female,organic,2024-11-11,2026-04-11
20241112-00002087,south_tangerang,female,organic,2024-11-12,2026-05-10
20241112-00002088,west_jakarta,male,organic,2024-11-12,2026-02-16
20241112-00002089,central_jakarta,male,organic,2024-11-12,2026-04-11
20241113-00002090,tangerang_city,male,organic,2024-11-13,2026-05-16
20241113-00002091,tangerang_city,female,organic,2024-11-13,2026-06-19
20241114-00002092,south_jakarta,male,paid,2024-11-14,2026-04-13
20241115-00002093,north_jakarta,female,organic,2024-11-15,2026-01-16
20241115-00002094,central_jakarta,female,organic,2024-11-15,2026-06-03
20241116-00002095,south_jakarta,male,organic,2024-11-16,2026-06-12
20241116-00002096,west_jakarta,female,organic,2024-11-16,2026-02-28
20241116-00002097,south_tangerang,male,organic,2024-11-16,2026-05-02
20241116-00002098,central_jakarta,female,organic,2024-11-16,2026-06-10
20241116-00002099,central_jakarta,female,paid,2024-11-16,2026-04-17
20241117-00002100,central_jakarta,female,organic,2024-11-17,2026-01-26
20241117-00002101,south_tangerang,female,organic,2024-11-17,2026-02-25
20241118-00002102,central_jakarta,female,paid,2024-11-18,2026-03-27
20241118-00002103,south_tangerang,male,paid,2024-11-18,2026-04-24
20241119-00002104,tangerang_city,male,paid,2024-11-19,2026-05-13
20241119-00002105,central_jakarta,female,organic,2024-11-19,2026-05-14
20241119-00002106,south_jakarta,male,organic,2024-11-19,2026-06-18
20241119-00002107,south_jakarta,female,organic,2024-11-19,2026-05-04
20241121-00002108,central_jakarta,female,organic,2024-11-21,2026-05-11
20241121-00002109,south_jakarta,female,paid,2024-11-21,2026-06-06
20241121-00002110,central_jakarta,female,organic,2024-11-21,2026-06-14
20241121-00002111,central_jakarta,male,paid,2024-11-21,2026-06-19
20241121-00002112,east_jakarta,male,paid,2024-11-21,2026-06-13
20241122-00002113,south_jakarta,male,organic,2024-11-22,2026-06-14
20241122-00002114,south_tangerang,male,organic,2024-11-22,2025-11-20
20241122-00002115,south_jakarta,female,organic,2024-11-22,2026-05-08
20241123-00002116,central_jakarta,male,organic,2024-11-23,2026-06-14
20241123-00002117,south_tangerang,male,organic,2024-11-23,2026-06-07
20241124-00002118,central_jakarta,male,paid,2024-11-24,2026-05-13
20241124-00002119,central_jakarta,male,organic,2024-11-24,2026-03-27
20241124-00002120,west_jakarta,male,organic,2024-11-24,2026-05-29
20241124-00002121,east_jakarta,female,paid,2024-11-24,2026-04-04
20241124-00002122,south_jakarta,female,paid,2024-11-24,2026-05-24
20241125-00002123,central_jakarta,female,paid,2024-11-25,2026-03-28
20241125-00002124,north_jakarta,female,organic,2024-11-25,2026-05-09
20241126-00002125,south_tangerang,female,paid,2024-11-26,2026-06-04
20241126-00002126,west_jakarta,female,organic,2024-11-26,2026-05-10
20241126-00002127,south_tangerang,female,organic,2024-11-26,2026-06-12
20241126-00002128,west_jakarta,female,organic,2024-11-26,2025-12-18
20241127-00002129,south_tangerang,female,organic,2024-11-27,2026-06-01
20241127-00002130,south_jakarta,male,paid,2024-11-27,2026-05-22
20241128-00002131,tangerang_city,male,organic,2024-11-28,2026-02-25
20241128-00002132,tangerang_city,female,paid,2024-11-28,2026-04-23
20241129-00002133,tangerang_city,female,organic,2024-11-29,2026-01-25
20241129-00002134,central_jakarta,male,organic,2024-11-29,2026-06-08
20241129-00002135,north_jakarta,male,organic,2024-11-29,2026-04-24
20241129-00002136,south_jakarta,female,organic,2024-11-29,2026-03-20
20241130-00002137,south_tangerang,female,organic,2024-11-30,2026-02-27
20241130-00002138,central_jakarta,male,organic,2024-11-30,2026-06-06
20241130-00002139,south_jakarta,male,organic,2024-11-30,2026-05-28
20241130-00002140,west_jakarta,female,organic,2024-11-30,2026-05-22
20241130-00002141,south_jakarta,female,organic,2024-11-30,2026-06-15
20241130-00002142,south_jakarta,male,organic,2024-11-30,2026-05-09
20241130-00002143,tangerang_city,female,organic,2024-11-30,2026-03-25
20241201-00002144,east_jakarta,male,paid,2024-12-01,2026-03-21
20241201-00002145,west_jakarta,male,organic,2024-12-01,2026-06-13
20241202-00002146,west_jakarta,male,organic,2024-12-02,2026-06-18
20241203-00002147,tangerang_city,female,paid,2024-12-03,2026-01-26
20241204-00002148,west_jakarta,female,paid,2024-12-04,2026-06-11
20241207-00002149,east_jakarta,male,organic,2024-12-07,2026-01-18
20241207-00002150,central_jakarta,female,paid,2024-12-07,2026-04-30
20241208-00002151,west_jakarta,male,organic,2024-12-08,2026-01-28
20241208-00002152,tangerang_city,female,organic,2024-12-08,2026-06-16
20241208-00002153,tangerang_city,male,paid,2024-12-08,2026-04-26
20241209-00002154,east_jakarta,female,organic,2024-12-09,2026-04-28
20241210-00002155,east_jakarta,female,organic,2024-12-10,2026-05-17
20241210-00002156,tangerang_city,male,paid,2024-12-10,2026-05-23
20241211-00002157,central_jakarta,female,organic,2024-12-11,2026-06-16
20241212-00002158,south_jakarta,female,organic,2024-12-12,2026-02-04
20241212-00002159,west_jakarta,male,paid,2024-12-12,2026-03-22
20241212-00002160,west_jakarta,female,organic,2024-12-12,2026-06-06
20241213-00002161,south_jakarta,female,organic,2024-12-13,2026-05-16
20241214-00002162,east_jakarta,male,organic,2024-12-14,2026-05-08
20241214-00002163,west_jakarta,male,paid,2024-12-14,2026-01-28
20241215-00002164,south_jakarta,male,paid,2024-12-15,2026-03-26
20241216-00002165,west_jakarta,male,organic,2024-12-16,2026-03-04
20241217-00002166,east_jakarta,female,organic,2024-12-17,2026-05-23
20241217-00002167,north_jakarta,female,organic,2024-12-17,2026-02-14
20241220-00002168,central_jakarta,female,organic,2024-12-20,2026-05-17
20241220-00002169,south_jakarta,female,paid,2024-12-20,2026-01-23
20241221-00002170,central_jakarta,male,paid,2024-12-21,2026-04-05
20241221-00002171,south_jakarta,male,paid,2024-12-21,2026-06-15
20241222-00002172,south_jakarta,female,paid,2024-12-22,2026-06-15
20241223-00002173,north_jakarta,male,paid,2024-12-23,2026-02-01
20241223-00002174,south_jakarta,female,paid,2024-12-23,2026-06-15
20241224-00002175,north_jakarta,female,organic,2024-12-24,2026-03-20
20241224-00002176,south_jakarta,female,paid,2024-12-24,2026-06-14
20241225-00002177,tangerang_city,male,paid,2024-12-25,2026-05-20
20241226-00002178,east_jakarta,male,organic,2024-12-26,2026-04-23
20241227-00002179,north_jakarta,male,paid,2024-12-27,2026-04-26
20241227-00002180,west_jakarta,male,paid,2024-12-27,2026-05-11
20241227-00002181,east_jakarta,female,organic,2024-12-27,2026-06-09
20241227-00002182,north_jakarta,female,organic,2024-12-27,2026-05-31
20241228-00002183,west_jakarta,female,paid,2024-12-28,2026-04-19
20241228-00002184,west_jakarta,male,organic,2024-12-28,2026-06-15
20241229-00002185,central_jakarta,male,paid,2024-12-29,2025-12-15
20241229-00002186,tangerang_city,female,organic,2024-12-29,2026-05-04
20241229-00002187,east_jakarta,male,paid,2024-12-29,2026-06-19
20241230-00002188,south_tangerang,male,organic,2024-12-30,2026-02-06
20241230-00002189,south_jakarta,female,paid,2024-12-30,2026-06-16
20241230-00002190,west_jakarta,female,paid,2024-12-30,2026-03-22
20241230-00002191,east_jakarta,female,organic,2024-12-30,2026-01-23
20241230-00002192,west_jakarta,male,organic,2024-12-30,2026-04-23
20241231-00002193,south_tangerang,male,paid,2024-12-31,2026-04-03
20241231-00002194,west_jakarta,female,paid,2024-12-31,2026-04-05
20250102-00002195,central_jakarta,male,organic,2025-01-02,2026-06-18
20250102-00002196,south_jakarta,male,organic,2025-01-02,2026-04-12
20250103-00002197,east_jakarta,male,organic,2025-01-03,2026-03-21
20250104-00002198,west_jakarta,male,paid,2025-01-04,2026-01-30
20250104-00002199,central_jakarta,male,organic,2025-01-04,2026-06-01
20250104-00002200,west_jakarta,female,organic,2025-01-04,2026-03-22
20250104-00002201,tangerang_city,male,organic,2025-01-04,2026-05-10
20250105-00002202,west_jakarta,female,organic,2025-01-05,2026-06-06
20250105-00002203,north_jakarta,female,paid,2025-01-05,2026-02-16
20250106-00002204,west_jakarta,female,paid,2025-01-06,2026-02-26
20250106-00002205,central_jakarta,female,organic,2025-01-06,2026-05-26
20250107-00002206,tangerang_city,male,paid,2025-01-07,2026-04-11
20250108-00002207,south_jakarta,female,organic,2025-01-08,2026-04-14
20250109-00002208,tangerang_city,female,organic,2025-01-09,2026-03-22
20250109-00002209,east_jakarta,female,organic,2025-01-09,2026-06-07
20250109-00002210,south_jakarta,female,organic,2025-01-09,2026-02-10
20250109-00002211,east_jakarta,female,organic,2025-01-09,2026-02-16
20250110-00002212,south_jakarta,male,organic,2025-01-10,2026-06-12
20250111-00002213,tangerang_city,female,organic,2025-01-11,2026-03-23
20250112-00002214,north_jakarta,female,organic,2025-01-12,2026-06-15
20250112-00002215,east_jakarta,female,organic,2025-01-12,2026-02-24
20250112-00002216,south_tangerang,female,organic,2025-01-12,2026-06-14
20250114-00002217,north_jakarta,female,paid,2025-01-14,2026-05-03
20250114-00002218,central_jakarta,female,organic,2025-01-14,2026-02-08
20250114-00002219,south_jakarta,male,organic,2025-01-14,2026-05-04
20250114-00002220,south_jakarta,male,organic,2025-01-14,2026-05-03
20250114-00002221,west_jakarta,female,organic,2025-01-14,2026-05-02
20250115-00002222,tangerang_city,male,organic,2025-01-15,2026-06-06
20250116-00002223,west_jakarta,female,organic,2025-01-16,2026-06-06
20250116-00002224,east_jakarta,female,organic,2025-01-16,2026-03-18
20250116-00002225,south_tangerang,female,organic,2025-01-16,2026-03-30
20250117-00002226,south_tangerang,female,organic,2025-01-17,2026-06-13
20250117-00002227,central_jakarta,female,organic,2025-01-17,2026-04-05
20250118-00002228,central_jakarta,male,paid,2025-01-18,2026-06-12
20250118-00002229,west_jakarta,male,paid,2025-01-18,2026-05-09
20250119-00002230,central_jakarta,male,paid,2025-01-19,2026-05-15
20250119-00002231,south_jakarta,male,paid,2025-01-19,2026-03-18
20250120-00002232,south_tangerang,male,organic,2025-01-20,2026-06-14
20250120-00002233,tangerang_city,female,organic,2025-01-20,2026-05-30
20250120-00002234,south_tangerang,female,organic,2025-01-20,2026-05-12
20250120-00002235,west_jakarta,male,paid,2025-01-20,2026-06-18
20250121-00002236,south_tangerang,female,organic,2025-01-21,2026-05-02
20250121-00002237,west_jakarta,female,paid,2025-01-21,2026-05-09
20250121-00002238,central_jakarta,female,organic,2025-01-21,2026-06-14
20250121-00002239,west_jakarta,female,organic,2025-01-21,2026-06-07
20250122-00002240,south_tangerang,male,organic,2025-01-22,2026-06-02
20250122-00002241,south_jakarta,female,organic,2025-01-22,2026-05-12
20250122-00002242,south_jakarta,female,paid,2025-01-22,2026-05-17
20250122-00002243,central_jakarta,male,organic,2025-01-22,2026-06-04
20250123-00002244,tangerang_city,male,paid,2025-01-23,2026-05-05
20250123-00002245,south_jakarta,female,organic,2025-01-23,2026-05-12
20250124-00002246,south_jakarta,female,organic,2025-01-24,2025-10-25
20250124-00002247,north_jakarta,female,organic,2025-01-24,2026-06-04
20250124-00002248,north_jakarta,male,paid,2025-01-24,2026-06-14
20250125-00002249,tangerang_city,female,paid,2025-01-25,2026-03-02
20250126-00002250,south_tangerang,male,paid,2025-01-26,2026-01-17
20250127-00002251,south_jakarta,male,organic,2025-01-27,2026-01-25
20250127-00002252,central_jakarta,female,organic,2025-01-27,2026-05-15
20250127-00002253,central_jakarta,female,organic,2025-01-27,2026-02-15
20250128-00002254,south_tangerang,female,paid,2025-01-28,2026-02-20
20250129-00002255,north_jakarta,female,organic,2025-01-29,2026-03-31
20250130-00002256,south_jakarta,female,paid,2025-01-30,2026-02-28
20250130-00002257,south_jakarta,male,organic,2025-01-30,2026-06-02
20250130-00002258,north_jakarta,male,paid,2025-01-30,2026-02-28
20250131-00002259,tangerang_city,male,paid,2025-01-31,2026-06-10
20250131-00002260,central_jakarta,female,organic,2025-01-31,2026-05-31
20250131-00002261,north_jakarta,male,paid,2025-01-31,2026-05-01
20250201-00002262,east_jakarta,male,paid,2025-02-01,2026-04-06
20250201-00002263,west_jakarta,male,paid,2025-02-01,2026-05-09
20250201-00002264,east_jakarta,male,organic,2025-02-01,2026-03-02
20250201-00002265,north_jakarta,female,paid,2025-02-01,2026-03-25
20250203-00002266,east_jakarta,male,paid,2025-02-03,2026-04-08
20250203-00002267,central_jakarta,male,organic,2025-02-03,2026-06-07
20250203-00002268,east_jakarta,male,paid,2025-02-03,2026-06-19
20250203-00002269,west_jakarta,female,organic,2025-02-03,2026-04-25
20250204-00002270,east_jakarta,male,organic,2025-02-04,2026-05-20
20250204-00002271,north_jakarta,female,paid,2025-02-04,2026-05-17
20250205-00002272,south_jakarta,male,paid,2025-02-05,2026-01-24
20250205-00002273,tangerang_city,female,organic,2025-02-05,2026-02-21
20250206-00002274,south_jakarta,female,organic,2025-02-06,2026-03-22
20250206-00002275,north_jakarta,female,paid,2025-02-06,2026-03-04
20250206-00002276,south_jakarta,male,organic,2025-02-06,2026-06-01
20250206-00002277,north_jakarta,female,paid,2025-02-06,2026-03-31
20250207-00002278,tangerang_city,female,organic,2025-02-07,2026-03-25
20250208-00002279,central_jakarta,male,paid,2025-02-08,2026-06-14
20250208-00002280,south_jakarta,female,organic,2025-02-08,2026-01-17
20250209-00002281,south_jakarta,male,organic,2025-02-09,2026-06-06
20250209-00002282,south_jakarta,male,organic,2025-02-09,2026-06-11
20250209-00002283,west_jakarta,female,paid,2025-02-09,2026-02-22
20250209-00002284,west_jakarta,female,organic,2025-02-09,2026-06-14
20250209-00002285,south_jakarta,male,paid,2025-02-09,2026-04-09
20250210-00002286,west_jakarta,male,paid,2025-02-10,2026-06-09
20250210-00002287,north_jakarta,male,organic,2025-02-10,2026-06-17
20250210-00002288,west_jakarta,female,organic,2025-02-10,2026-03-26
20250211-00002289,west_jakarta,male,organic,2025-02-11,2026-05-12
20250211-00002290,west_jakarta,male,organic,2025-02-11,2025-12-26
20250211-00002291,south_jakarta,female,organic,2025-02-11,2026-06-07
20250212-00002292,south_jakarta,male,organic,2025-02-12,2026-06-10
20250212-00002293,south_tangerang,male,organic,2025-02-12,2026-06-13
20250213-00002294,tangerang_city,female,paid,2025-02-13,2026-06-08
20250213-00002295,south_jakarta,male,organic,2025-02-13,2026-02-24
20250213-00002296,south_jakarta,female,paid,2025-02-13,2026-06-12
20250214-00002297,north_jakarta,male,paid,2025-02-14,2026-06-08
20250215-00002298,central_jakarta,male,paid,2025-02-15,2026-04-27
20250216-00002299,south_jakarta,male,organic,2025-02-16,2026-06-01
20250216-00002300,south_jakarta,female,organic,2025-02-16,2026-04-04
20250217-00002301,south_jakarta,female,organic,2025-02-17,2026-02-24
20250217-00002302,south_jakarta,male,organic,2025-02-17,2026-06-13
20250217-00002303,tangerang_city,female,paid,2025-02-17,2026-04-01
20250218-00002304,south_tangerang,male,organic,2025-02-18,2026-02-25
20250218-00002305,north_jakarta,female,paid,2025-02-18,2026-05-17
20250219-00002306,central_jakarta,female,organic,2025-02-19,2026-06-18
20250219-00002307,east_jakarta,female,organic,2025-02-19,2026-04-19
20250220-00002308,tangerang_city,female,organic,2025-02-20,2026-06-11
20250220-00002309,east_jakarta,male,organic,2025-02-20,2026-04-22
20250220-00002310,south_jakarta,female,organic,2025-02-20,2025-12-30
20250220-00002311,tangerang_city,female,paid,2025-02-20,2026-05-16
20250220-00002312,south_tangerang,female,organic,2025-02-20,2026-03-03
20250221-00002313,south_jakarta,male,organic,2025-02-21,2026-05-03
20250221-00002314,tangerang_city,female,organic,2025-02-21,2026-06-06
20250221-00002315,south_tangerang,male,paid,2025-02-21,2026-06-12
20250221-00002316,north_jakarta,male,paid,2025-02-21,2026-02-28
20250222-00002317,central_jakarta,male,paid,2025-02-22,2026-06-04
20250222-00002318,south_tangerang,male,paid,2025-02-22,2026-02-15
20250222-00002319,central_jakarta,female,paid,2025-02-22,2026-05-31
20250222-00002320,central_jakarta,female,paid,2025-02-22,2026-01-01
20250223-00002321,south_jakarta,female,organic,2025-02-23,2026-06-05
20250223-00002322,south_tangerang,male,paid,2025-02-23,2026-06-19
20250224-00002323,west_jakarta,female,organic,2025-02-24,2026-03-30
20250224-00002324,central_jakarta,female,paid,2025-02-24,2026-03-02
20250224-00002325,central_jakarta,female,paid,2025-02-24,2026-05-12
20250225-00002326,north_jakarta,male,organic,2025-02-25,2026-04-11
20250225-00002327,east_jakarta,male,organic,2025-02-25,2026-02-09
20250225-00002328,east_jakarta,male,paid,2025-02-25,2026-03-08
20250225-00002329,tangerang_city,female,organic,2025-02-25,2026-05-09
20250226-00002330,east_jakarta,female,organic,2025-02-26,2026-05-24
20250226-00002331,tangerang_city,female,paid,2025-02-26,2026-05-23
20250226-00002332,west_jakarta,male,organic,2025-02-26,2026-05-06
20250227-00002333,south_tangerang,male,paid,2025-02-27,2026-02-03
20250227-00002334,south_jakarta,male,organic,2025-02-27,2026-06-16
20250227-00002335,central_jakarta,male,paid,2025-02-27,2026-06-06
20250228-00002336,south_tangerang,male,organic,2025-02-28,2026-05-27
20250228-00002337,tangerang_city,male,organic,2025-02-28,2026-06-09
20250228-00002338,west_jakarta,female,paid,2025-02-28,2026-04-25
20250228-00002339,central_jakarta,male,paid,2025-02-28,2026-03-21
20250301-00002340,north_jakarta,male,paid,2025-03-01,2026-06-19
20250301-00002341,west_jakarta,male,paid,2025-03-01,2026-06-19
20250301-00002342,south_jakarta,female,paid,2025-03-01,2026-05-10
20250301-00002343,south_tangerang,male,organic,2025-03-01,2026-04-05
20250301-00002344,west_jakarta,male,organic,2025-03-01,2026-02-03
20250302-00002345,south_jakarta,female,organic,2025-03-02,2026-04-17
20250302-00002346,south_jakarta,female,paid,2025-03-02,2026-06-17
20250302-00002347,east_jakarta,male,paid,2025-03-02,2026-06-06
20250302-00002348,south_jakarta,female,organic,2025-03-02,2026-06-19
20250302-00002349,central_jakarta,female,organic,2025-03-02,2026-05-27
20250302-00002350,south_jakarta,female,paid,2025-03-02,2026-06-14
20250302-00002351,central_jakarta,female,organic,2025-03-02,2026-03-16
20250302-00002352,tangerang_city,male,paid,2025-03-02,2026-06-14
20250302-00002353,south_jakarta,female,paid,2025-03-02,2026-06-16
20250303-00002354,central_jakarta,male,organic,2025-03-03,2026-01-31
20250304-00002355,south_jakarta,male,organic,2025-03-04,2026-04-07
20250304-00002356,tangerang_city,female,paid,2025-03-04,2026-04-07
20250304-00002357,central_jakarta,female,organic,2025-03-04,2026-06-05
20250304-00002358,central_jakarta,female,organic,2025-03-04,2026-03-21
20250304-00002359,tangerang_city,female,organic,2025-03-04,2025-12-29
20250304-00002360,west_jakarta,male,organic,2025-03-04,2026-02-28
20250304-00002361,west_jakarta,female,organic,2025-03-04,2026-05-22
20250304-00002362,central_jakarta,male,organic,2025-03-04,2026-04-11
20250305-00002363,south_jakarta,male,organic,2025-03-05,2026-06-06
20250305-00002364,east_jakarta,male,paid,2025-03-05,2026-05-08
20250305-00002365,tangerang_city,female,organic,2025-03-05,2026-06-14
20250305-00002366,tangerang_city,male,organic,2025-03-05,2026-04-12
20250305-00002367,south_jakarta,male,organic,2025-03-05,2026-05-30
20250306-00002368,central_jakarta,male,organic,2025-03-06,2025-12-21
20250306-00002369,south_jakarta,female,paid,2025-03-06,2026-05-03
20250306-00002370,west_jakarta,female,organic,2025-03-06,2026-05-09
20250306-00002371,west_jakarta,male,organic,2025-03-06,2026-06-03
20250306-00002372,north_jakarta,male,organic,2025-03-06,2026-06-06
20250306-00002373,central_jakarta,female,paid,2025-03-06,2026-04-05
20250307-00002374,south_jakarta,male,organic,2025-03-07,2026-05-30
20250308-00002375,east_jakarta,female,paid,2025-03-08,2026-05-25
20250308-00002376,west_jakarta,female,organic,2025-03-08,2026-06-07
20250308-00002377,central_jakarta,male,paid,2025-03-08,2026-05-28
20250308-00002378,tangerang_city,male,organic,2025-03-08,2026-06-11
20250308-00002379,west_jakarta,female,paid,2025-03-08,2026-06-06
20250309-00002380,east_jakarta,female,organic,2025-03-09,2026-06-06
20250309-00002381,north_jakarta,female,organic,2025-03-09,2026-04-22
20250310-00002382,east_jakarta,female,paid,2025-03-10,2026-06-13
20250310-00002383,tangerang_city,male,paid,2025-03-10,2026-03-22
20250311-00002384,north_jakarta,male,paid,2025-03-11,2026-05-30
20250311-00002385,west_jakarta,male,organic,2025-03-11,2026-06-11
20250312-00002386,central_jakarta,female,paid,2025-03-12,2026-06-18
20250313-00002387,south_jakarta,male,organic,2025-03-13,2026-02-15
20250313-00002388,east_jakarta,male,paid,2025-03-13,2026-06-12
20250314-00002389,west_jakarta,male,paid,2025-03-14,2026-05-20
20250315-00002390,west_jakarta,female,paid,2025-03-15,2026-04-10
20250315-00002391,south_tangerang,male,organic,2025-03-15,2026-02-08
20250315-00002392,west_jakarta,male,organic,2025-03-15,2026-04-26
20250316-00002393,tangerang_city,male,organic,2025-03-16,2026-06-06
20250316-00002394,central_jakarta,male,paid,2025-03-16,2026-03-05
20250316-00002395,central_jakarta,male,organic,2025-03-16,2026-03-07
20250317-00002396,west_jakarta,female,organic,2025-03-17,2026-03-22
20250317-00002397,east_jakarta,male,organic,2025-03-17,2026-05-09
20250318-00002398,tangerang_city,female,organic,2025-03-18,2026-03-10
20250318-00002399,tangerang_city,female,paid,2025-03-18,2026-03-04
20250318-00002400,south_jakarta,female,organic,2025-03-18,2026-05-21
20250318-00002401,central_jakarta,male,paid,2025-03-18,2026-06-08
20250318-00002402,south_jakarta,male,organic,2025-03-18,2026-03-28
20250319-00002403,south_jakarta,female,organic,2025-03-19,2026-06-07
20250319-00002404,east_jakarta,female,paid,2025-03-19,2026-03-31
20250319-00002405,central_jakarta,male,organic,2025-03-19,2026-03-08
20250320-00002406,east_jakarta,female,paid,2025-03-20,2026-04-20
20250320-00002407,south_jakarta,female,paid,2025-03-20,2026-03-26
20250321-00002408,tangerang_city,male,organic,2025-03-21,2026-02-08
20250321-00002409,east_jakarta,male,paid,2025-03-21,2026-03-07
20250321-00002410,south_jakarta,female,organic,2025-03-21,2025-12-27
20250322-00002411,east_jakarta,male,paid,2025-03-22,2026-01-08
20250322-00002412,tangerang_city,male,paid,2025-03-22,2026-06-18
20250322-00002413,tangerang_city,female,organic,2025-03-22,2025-12-16
20250323-00002414,east_jakarta,female,paid,2025-03-23,2026-03-18
20250323-00002415,east_jakarta,male,paid,2025-03-23,2026-06-02
20250323-00002416,south_jakarta,male,paid,2025-03-23,2026-04-15
20250323-00002417,north_jakarta,female,organic,2025-03-23,2026-06-04
20250323-00002418,north_jakarta,female,organic,2025-03-23,2026-06-16
20250324-00002419,south_tangerang,male,paid,2025-03-24,2026-06-15
20250325-00002420,south_tangerang,female,organic,2025-03-25,2026-06-07
20250325-00002421,north_jakarta,male,organic,2025-03-25,2026-06-04
20250325-00002422,west_jakarta,female,paid,2025-03-25,2026-05-09
20250325-00002423,central_jakarta,female,organic,2025-03-25,2026-05-29
20250326-00002424,south_tangerang,male,paid,2025-03-26,2026-04-22
20250326-00002425,south_tangerang,female,organic,2025-03-26,2026-05-17
20250327-00002426,central_jakarta,male,paid,2025-03-27,2026-05-24
20250327-00002427,north_jakarta,male,paid,2025-03-27,2026-03-08
20250327-00002428,tangerang_city,female,paid,2025-03-27,2026-06-07
20250327-00002429,tangerang_city,female,organic,2025-03-27,2026-04-03
20250328-00002430,central_jakarta,female,organic,2025-03-28,2026-06-11
20250328-00002431,west_jakarta,female,paid,2025-03-28,2025-12-17
20250329-00002432,central_jakarta,female,organic,2025-03-29,2026-01-15
20250329-00002433,central_jakarta,female,paid,2025-03-29,2026-03-11
20250329-00002434,south_jakarta,male,organic,2025-03-29,2026-06-16
20250329-00002435,central_jakarta,female,organic,2025-03-29,2026-01-13
20250330-00002436,central_jakarta,female,organic,2025-03-30,2026-06-15
20250330-00002437,central_jakarta,male,paid,2025-03-30,2026-06-12
20250330-00002438,central_jakarta,female,organic,2025-03-30,2026-05-09
20250330-00002439,south_jakarta,female,organic,2025-03-30,2026-05-24
20250330-00002440,central_jakarta,male,organic,2025-03-30,2026-06-15
20250331-00002441,central_jakarta,male,organic,2025-03-31,2026-06-18
20250331-00002442,south_jakarta,male,organic,2025-03-31,2026-05-22
20250401-00002443,south_jakarta,male,organic,2025-04-01,2026-03-21
20250402-00002444,south_tangerang,male,organic,2025-04-02,2026-05-20
20250402-00002445,east_jakarta,male,paid,2025-04-02,2026-06-13
20250403-00002446,central_jakarta,male,organic,2025-04-03,2026-06-13
20250403-00002447,central_jakarta,male,organic,2025-04-03,2026-06-12
20250403-00002448,east_jakarta,female,paid,2025-04-03,2026-06-06
20250405-00002449,south_tangerang,male,paid,2025-04-05,2026-06-13
20250405-00002450,east_jakarta,female,paid,2025-04-05,2026-05-17
20250405-00002451,north_jakarta,female,organic,2025-04-05,2026-06-13
20250405-00002452,north_jakarta,male,organic,2025-04-05,2026-04-18
20250406-00002453,south_jakarta,female,organic,2025-04-06,2026-05-18
20250406-00002454,central_jakarta,female,paid,2025-04-06,2026-05-24
20250406-00002455,south_tangerang,male,organic,2025-04-06,2026-06-01
20250406-00002456,south_jakarta,female,organic,2025-04-06,2026-01-17
20250406-00002457,east_jakarta,female,organic,2025-04-06,2026-06-02
20250407-00002458,south_tangerang,female,paid,2025-04-07,2026-01-29
20250407-00002459,west_jakarta,male,organic,2025-04-07,2025-09-23
20250407-00002460,west_jakarta,male,paid,2025-04-07,2026-03-15
20250409-00002461,central_jakarta,female,paid,2025-04-09,2026-06-11
20250409-00002462,south_jakarta,male,organic,2025-04-09,2026-04-12
20250409-00002463,west_jakarta,female,organic,2025-04-09,2026-05-24
20250409-00002464,central_jakarta,male,paid,2025-04-09,2026-06-16
20250410-00002465,north_jakarta,female,organic,2025-04-10,2026-05-24
20250410-00002466,central_jakarta,male,paid,2025-04-10,2026-06-14
20250411-00002467,central_jakarta,male,organic,2025-04-11,2026-05-12
20250411-00002468,south_tangerang,female,paid,2025-04-11,2026-01-27
20250411-00002469,east_jakarta,female,organic,2025-04-11,2026-04-29
20250411-00002470,west_jakarta,male,organic,2025-04-11,2026-06-06
20250412-00002471,north_jakarta,female,organic,2025-04-12,2026-06-05
20250412-00002472,east_jakarta,female,paid,2025-04-12,2026-01-02
20250412-00002473,south_jakarta,female,organic,2025-04-12,2026-06-11
20250412-00002474,south_jakarta,male,organic,2025-04-12,2026-05-08
20250412-00002475,south_jakarta,female,organic,2025-04-12,2026-05-30
20250413-00002476,tangerang_city,female,organic,2025-04-13,2026-05-29
20250413-00002477,west_jakarta,male,paid,2025-04-13,2026-06-19
20250413-00002478,west_jakarta,male,paid,2025-04-13,2026-06-16
20250414-00002479,central_jakarta,female,organic,2025-04-14,2026-05-24
20250414-00002480,west_jakarta,female,organic,2025-04-14,2026-04-22
20250415-00002481,south_jakarta,female,organic,2025-04-15,2026-02-28
20250415-00002482,north_jakarta,male,organic,2025-04-15,2026-05-31
20250415-00002483,south_jakarta,female,paid,2025-04-15,2026-06-05
20250415-00002484,south_jakarta,female,paid,2025-04-15,2026-06-17
20250416-00002485,central_jakarta,male,paid,2025-04-16,2026-06-14
20250416-00002486,central_jakarta,female,organic,2025-04-16,2026-06-15
20250416-00002487,south_jakarta,male,organic,2025-04-16,2026-04-26
20250416-00002488,south_jakarta,female,organic,2025-04-16,2026-05-30
20250417-00002489,south_jakarta,female,paid,2025-04-17,2026-05-28
20250417-00002490,north_jakarta,female,paid,2025-04-17,2026-06-13
20250418-00002491,central_jakarta,female,paid,2025-04-18,2026-05-25
20250418-00002492,tangerang_city,male,paid,2025-04-18,2026-04-12
20250419-00002493,central_jakarta,male,paid,2025-04-19,2026-03-30
20250419-00002494,south_jakarta,female,paid,2025-04-19,2026-06-08
20250419-00002495,central_jakarta,male,paid,2025-04-19,2026-05-15
20250419-00002496,north_jakarta,female,organic,2025-04-19,2026-06-06
20250419-00002497,north_jakarta,female,paid,2025-04-19,2026-06-19
20250420-00002498,west_jakarta,male,organic,2025-04-20,2026-02-01
20250420-00002499,west_jakarta,female,organic,2025-04-20,2026-04-21
20250420-00002500,tangerang_city,male,paid,2025-04-20,2026-04-26
20250423-00002501,central_jakarta,female,organic,2025-04-23,2026-04-28
20250423-00002502,north_jakarta,male,paid,2025-04-23,2026-06-08
20250424-00002503,east_jakarta,female,organic,2025-04-24,2026-06-10
20250425-00002504,central_jakarta,female,paid,2025-04-25,2026-06-16
20250425-00002505,south_jakarta,male,organic,2025-04-25,2026-02-01
20250425-00002506,east_jakarta,male,paid,2025-04-25,2026-06-02
20250425-00002507,north_jakarta,female,paid,2025-04-25,2026-05-16
20250425-00002508,south_jakarta,male,paid,2025-04-25,2026-02-03
20250425-00002509,south_jakarta,male,organic,2025-04-25,2026-04-16
20250425-00002510,central_jakarta,female,organic,2025-04-25,2026-05-31
20250425-00002511,west_jakarta,female,paid,2025-04-25,2026-02-14
20250426-00002512,north_jakarta,female,organic,2025-04-26,2026-05-10
20250426-00002513,north_jakarta,male,paid,2025-04-26,2026-03-21
20250427-00002514,central_jakarta,female,paid,2025-04-27,2026-06-12
20250428-00002515,central_jakarta,male,paid,2025-04-28,2026-06-10
20250428-00002516,south_jakarta,male,organic,2025-04-28,2026-05-23
20250428-00002517,west_jakarta,female,paid,2025-04-28,2026-06-01
20250429-00002518,central_jakarta,female,organic,2025-04-29,2026-05-03
20250429-00002519,south_tangerang,female,organic,2025-04-29,2026-04-16
20250429-00002520,south_jakarta,male,paid,2025-04-29,2026-02-21
20250430-00002521,south_jakarta,male,organic,2025-04-30,2026-04-11
20250430-00002522,west_jakarta,male,paid,2025-04-30,2026-04-05
20250430-00002523,south_jakarta,male,paid,2025-04-30,2026-05-26
20250501-00002524,south_jakarta,male,paid,2025-05-01,2026-06-14
20250502-00002525,south_jakarta,female,organic,2025-05-02,2026-05-31
20250502-00002526,west_jakarta,male,organic,2025-05-02,2026-02-24
20250502-00002527,east_jakarta,female,paid,2025-05-02,2026-03-15
20250502-00002528,north_jakarta,male,organic,2025-05-02,2026-03-27
20250502-00002529,south_jakarta,female,organic,2025-05-02,2026-06-13
20250503-00002530,west_jakarta,male,organic,2025-05-03,2026-02-14
20250503-00002531,east_jakarta,female,organic,2025-05-03,2026-03-14
20250503-00002532,south_jakarta,female,organic,2025-05-03,2026-06-15
20250503-00002533,south_jakarta,female,paid,2025-05-03,2026-06-14
20250504-00002534,central_jakarta,male,organic,2025-05-04,2026-05-13
20250504-00002535,central_jakarta,male,paid,2025-05-04,2026-04-10
20250504-00002536,south_jakarta,male,paid,2025-05-04,2026-03-19
20250504-00002537,north_jakarta,female,organic,2025-05-04,2026-05-24
20250505-00002538,south_jakarta,female,organic,2025-05-05,2026-06-14
20250505-00002539,central_jakarta,male,organic,2025-05-05,2026-04-11
20250506-00002540,west_jakarta,male,paid,2025-05-06,2025-10-20
20250506-00002541,tangerang_city,female,organic,2025-05-06,2026-06-18
20250507-00002542,south_jakarta,female,paid,2025-05-07,2026-04-01
20250507-00002543,north_jakarta,female,paid,2025-05-07,2026-05-15
20250507-00002544,tangerang_city,female,organic,2025-05-07,2026-05-16
20250507-00002545,south_jakarta,female,organic,2025-05-07,2026-04-13
20250508-00002546,central_jakarta,female,paid,2025-05-08,2026-01-06
20250509-00002547,west_jakarta,male,organic,2025-05-09,2026-06-14
20250510-00002548,south_jakarta,male,paid,2025-05-10,2026-05-30
20250510-00002549,east_jakarta,male,paid,2025-05-10,2026-06-14
20250511-00002550,south_tangerang,female,paid,2025-05-11,2026-06-05
20250511-00002551,south_tangerang,female,paid,2025-05-11,2026-05-25
20250511-00002552,east_jakarta,female,organic,2025-05-11,2026-06-11
20250512-00002553,west_jakarta,female,paid,2025-05-12,2026-03-09
20250512-00002554,west_jakarta,female,organic,2025-05-12,2026-06-13
20250513-00002555,south_jakarta,male,organic,2025-05-13,2026-06-19
20250513-00002556,west_jakarta,male,paid,2025-05-13,2026-03-16
20250514-00002557,north_jakarta,female,organic,2025-05-14,2026-01-23
20250514-00002558,central_jakarta,female,paid,2025-05-14,2026-06-03
20250516-00002559,south_jakarta,female,paid,2025-05-16,2026-06-07
20250517-00002560,south_jakarta,male,organic,2025-05-17,2026-06-14
20250517-00002561,west_jakarta,female,organic,2025-05-17,2026-06-19
20250517-00002562,west_jakarta,female,paid,2025-05-17,2026-04-11
20250517-00002563,north_jakarta,female,organic,2025-05-17,2026-03-28
20250517-00002564,north_jakarta,female,paid,2025-05-17,2026-06-18
20250517-00002565,south_jakarta,female,paid,2025-05-17,2026-04-04
20250519-00002566,south_tangerang,female,organic,2025-05-19,2026-06-13
20250520-00002567,south_tangerang,female,paid,2025-05-20,2026-06-14
20250520-00002568,south_jakarta,male,paid,2025-05-20,2025-11-30
20250521-00002569,west_jakarta,female,paid,2025-05-21,2025-12-28
20250521-00002570,west_jakarta,male,organic,2025-05-21,2026-06-17
20250521-00002571,west_jakarta,female,organic,2025-05-21,2026-03-21
20250522-00002572,east_jakarta,male,organic,2025-05-22,2026-04-22
20250522-00002573,south_jakarta,female,paid,2025-05-22,2026-05-08
20250522-00002574,west_jakarta,female,organic,2025-05-22,2026-03-24
20250522-00002575,east_jakarta,male,organic,2025-05-22,2026-05-31
20250523-00002576,south_tangerang,male,organic,2025-05-23,2026-06-14
20250523-00002577,tangerang_city,female,organic,2025-05-23,2026-05-23
20250523-00002578,west_jakarta,female,paid,2025-05-23,2026-06-11
20250524-00002579,central_jakarta,female,organic,2025-05-24,2026-05-26
20250524-00002580,north_jakarta,male,organic,2025-05-24,2026-06-17
20250524-00002581,south_jakarta,female,paid,2025-05-24,2026-01-10
20250524-00002582,tangerang_city,male,organic,2025-05-24,2026-05-24
20250524-00002583,east_jakarta,male,paid,2025-05-24,2026-04-25
20250524-00002584,central_jakarta,male,organic,2025-05-24,2026-03-06
20250525-00002585,central_jakarta,female,organic,2025-05-25,2026-05-23
20250525-00002586,south_tangerang,male,organic,2025-05-25,2026-06-13
20250525-00002587,west_jakarta,male,organic,2025-05-25,2026-06-07
20250525-00002588,south_jakarta,male,paid,2025-05-25,2026-05-31
20250526-00002589,south_jakarta,male,paid,2025-05-26,2026-01-03
20250526-00002590,south_jakarta,female,organic,2025-05-26,2026-06-04
20250526-00002591,east_jakarta,male,paid,2025-05-26,2026-06-19
20250526-00002592,north_jakarta,female,paid,2025-05-26,2026-06-13
20250527-00002593,north_jakarta,male,paid,2025-05-27,2026-05-21
20250527-00002594,tangerang_city,female,organic,2025-05-27,2026-03-07
20250528-00002595,east_jakarta,male,paid,2025-05-28,2026-06-19
20250529-00002596,east_jakarta,male,organic,2025-05-29,2026-05-22
20250529-00002597,tangerang_city,male,organic,2025-05-29,2026-05-22
20250529-00002598,south_jakarta,male,organic,2025-05-29,2026-03-09
20250531-00002599,west_jakarta,female,organic,2025-05-31,2026-06-16
20250531-00002600,east_jakarta,male,paid,2025-05-31,2026-02-18
20250531-00002601,east_jakarta,female,organic,2025-05-31,2026-06-12
20250601-00002602,south_jakarta,female,organic,2025-06-01,2026-06-03
20250601-00002603,tangerang_city,female,paid,2025-06-01,2026-05-29
20250601-00002604,west_jakarta,female,organic,2025-06-01,2026-01-16
20250601-00002605,west_jakarta,male,organic,2025-06-01,2026-05-11
20250601-00002606,central_jakarta,male,organic,2025-06-01,2026-03-27
20250602-00002607,west_jakarta,male,paid,2025-06-02,2026-02-28
20250602-00002608,west_jakarta,male,organic,2025-06-02,2026-06-14
20250603-00002609,west_jakarta,male,paid,2025-06-03,2026-01-16
20250603-00002610,central_jakarta,female,organic,2025-06-03,2026-05-15
20250603-00002611,south_jakarta,male,organic,2025-06-03,2026-04-12
20250603-00002612,south_tangerang,female,paid,2025-06-03,2026-02-02
20250604-00002613,tangerang_city,male,paid,2025-06-04,2026-03-15
20250604-00002614,west_jakarta,male,paid,2025-06-04,2026-04-06
20250605-00002615,north_jakarta,female,paid,2025-06-05,2026-02-03
20250605-00002616,south_tangerang,female,paid,2025-06-05,2025-11-26
20250605-00002617,west_jakarta,female,paid,2025-06-05,2026-05-23
20250605-00002618,east_jakarta,male,organic,2025-06-05,2026-06-10
20250605-00002619,south_tangerang,male,organic,2025-06-05,2026-05-30
20250606-00002620,north_jakarta,male,paid,2025-06-06,2026-06-09
20250606-00002621,east_jakarta,male,organic,2025-06-06,2026-05-30
20250606-00002622,west_jakarta,male,organic,2025-06-06,2026-06-12
20250607-00002623,central_jakarta,female,organic,2025-06-07,2026-03-22
20250607-00002624,south_jakarta,male,organic,2025-06-07,2026-02-05
20250607-00002625,central_jakarta,male,paid,2025-06-07,2026-05-22
20250607-00002626,central_jakarta,male,organic,2025-06-07,2026-01-10
20250607-00002627,north_jakarta,female,organic,2025-06-07,2026-03-25
20250608-00002628,central_jakarta,male,organic,2025-06-08,2026-04-07
20250608-00002629,south_jakarta,female,organic,2025-06-08,2026-06-01
20250609-00002630,west_jakarta,male,paid,2025-06-09,2026-06-06
20250609-00002631,south_jakarta,male,paid,2025-06-09,2026-04-26
20250609-00002632,south_jakarta,female,organic,2025-06-09,2026-03-29
20250609-00002633,west_jakarta,female,organic,2025-06-09,2026-01-17
20250609-00002634,south_tangerang,male,paid,2025-06-09,2026-06-15
20250610-00002635,south_tangerang,male,paid,2025-06-10,2026-05-24
20250610-00002636,west_jakarta,male,organic,2025-06-10,2026-02-28
20250611-00002637,west_jakarta,female,paid,2025-06-11,2026-01-26
20250611-00002638,central_jakarta,female,organic,2025-06-11,2026-05-04
20250611-00002639,south_tangerang,female,organic,2025-06-11,2026-06-04
20250612-00002640,south_jakarta,female,paid,2025-06-12,2026-02-15
20250612-00002641,tangerang_city,male,organic,2025-06-12,2026-05-24
20250612-00002642,west_jakarta,male,organic,2025-06-12,2026-06-13
20250613-00002643,west_jakarta,male,organic,2025-06-13,2026-05-20
20250613-00002644,north_jakarta,female,paid,2025-06-13,2026-04-12
20250613-00002645,west_jakarta,male,paid,2025-06-13,2026-01-09
20250614-00002646,central_jakarta,male,paid,2025-06-14,2026-06-05
20250614-00002647,tangerang_city,female,organic,2025-06-14,2026-06-03
20250614-00002648,north_jakarta,female,organic,2025-06-14,2026-06-01
20250614-00002649,south_jakarta,female,organic,2025-06-14,2026-04-04
20250615-00002650,tangerang_city,male,organic,2025-06-15,2026-03-26
20250615-00002651,north_jakarta,male,organic,2025-06-15,2026-02-06
20250615-00002652,east_jakarta,female,organic,2025-06-15,2026-06-07
20250615-00002653,tangerang_city,female,organic,2025-06-15,2026-05-31
20250616-00002654,south_jakarta,female,paid,2025-06-16,2026-06-19
20250617-00002655,south_tangerang,female,organic,2025-06-17,2026-05-24
20250619-00002656,central_jakarta,female,organic,2025-06-19,2026-06-06
20250619-00002657,central_jakarta,female,paid,2025-06-19,2026-04-11
20250621-00002658,south_tangerang,male,organic,2025-06-21,2026-04-13
20250621-00002659,west_jakarta,male,paid,2025-06-21,2026-03-17
20250621-00002660,east_jakarta,male,organic,2025-06-21,2026-06-17
20250622-00002661,tangerang_city,male,paid,2025-06-22,2026-05-10
20250622-00002662,tangerang_city,male,paid,2025-06-22,2026-02-06
20250622-00002663,tangerang_city,male,organic,2025-06-22,2026-02-21
20250623-00002664,east_jakarta,male,paid,2025-06-23,2026-04-10
20250624-00002665,south_tangerang,female,paid,2025-06-24,2026-02-16
20250624-00002666,west_jakarta,male,paid,2025-06-24,2026-06-14
20250626-00002667,west_jakarta,male,paid,2025-06-26,2026-06-19
20250626-00002668,west_jakarta,female,paid,2025-06-26,2026-04-12
20250626-00002669,central_jakarta,male,organic,2025-06-26,2026-05-29
20250627-00002670,south_tangerang,female,organic,2025-06-27,2026-04-18
20250627-00002671,central_jakarta,female,organic,2025-06-27,2026-01-28
20250627-00002672,south_jakarta,male,paid,2025-06-27,2026-06-14
20250628-00002673,tangerang_city,female,organic,2025-06-28,2026-05-07
20250628-00002674,south_jakarta,female,paid,2025-06-28,2026-06-14
20250629-00002675,central_jakarta,male,paid,2025-06-29,2026-03-24
20250629-00002676,west_jakarta,female,organic,2025-06-29,2026-05-05
20250629-00002677,east_jakarta,female,organic,2025-06-29,2026-06-18
20250629-00002678,south_jakarta,male,organic,2025-06-29,2026-02-02
20250629-00002679,central_jakarta,male,paid,2025-06-29,2026-05-22
20250630-00002680,south_jakarta,female,organic,2025-06-30,2026-05-16
20250701-00002681,tangerang_city,male,paid,2025-07-01,2026-06-12
20250701-00002682,south_jakarta,female,paid,2025-07-01,2026-03-05
20250702-00002683,tangerang_city,female,paid,2025-07-02,2026-01-18
20250702-00002684,central_jakarta,male,paid,2025-07-02,2026-02-26
20250702-00002685,central_jakarta,female,paid,2025-07-02,2026-05-22
20250702-00002686,west_jakarta,male,organic,2025-07-02,2026-06-13
20250703-00002687,south_tangerang,male,paid,2025-07-03,2026-06-12
20250703-00002688,north_jakarta,male,paid,2025-07-03,2026-03-15
20250704-00002689,south_jakarta,male,paid,2025-07-04,2026-06-10
20250704-00002690,south_jakarta,female,paid,2025-07-04,2026-06-01
20250704-00002691,west_jakarta,female,paid,2025-07-04,2026-01-24
20250704-00002692,tangerang_city,female,organic,2025-07-04,2026-03-25
20250704-00002693,central_jakarta,male,organic,2025-07-04,2026-05-12
20250704-00002694,south_tangerang,male,organic,2025-07-04,2026-05-22
20250705-00002695,south_jakarta,male,paid,2025-07-05,2026-02-14
20250705-00002696,south_jakarta,female,paid,2025-07-05,2026-06-11
20250705-00002697,west_jakarta,female,organic,2025-07-05,2026-06-11
20250705-00002698,south_jakarta,male,organic,2025-07-05,2026-05-30
20250706-00002699,tangerang_city,female,paid,2025-07-06,2026-06-03
20250706-00002700,east_jakarta,female,paid,2025-07-06,2026-05-09
20250706-00002701,west_jakarta,female,paid,2025-07-06,2026-04-19
20250707-00002702,west_jakarta,female,paid,2025-07-07,2026-06-11
20250707-00002703,south_jakarta,male,paid,2025-07-07,2026-05-01
20250707-00002704,south_jakarta,male,organic,2025-07-07,2026-06-09
20250708-00002705,south_jakarta,female,paid,2025-07-08,2026-06-08
20250709-00002706,west_jakarta,male,organic,2025-07-09,2026-03-17
20250709-00002707,north_jakarta,female,organic,2025-07-09,2026-01-27
20250710-00002708,south_jakarta,female,paid,2025-07-10,2026-06-18
20250710-00002709,central_jakarta,male,paid,2025-07-10,2026-06-19
20250711-00002710,tangerang_city,male,organic,2025-07-11,2026-05-18
20250711-00002711,north_jakarta,male,paid,2025-07-11,2026-03-31
20250711-00002712,tangerang_city,male,paid,2025-07-11,2026-06-13
20250712-00002713,east_jakarta,female,organic,2025-07-12,2026-01-13
20250712-00002714,north_jakarta,female,paid,2025-07-12,2026-03-18
20250712-00002715,tangerang_city,male,organic,2025-07-12,2026-06-17
20250713-00002716,north_jakarta,male,organic,2025-07-13,2026-05-13
20250713-00002717,west_jakarta,male,paid,2025-07-13,2026-04-20
20250713-00002718,east_jakarta,female,paid,2025-07-13,2026-01-17
20250713-00002719,east_jakarta,male,paid,2025-07-13,2026-06-11
20250713-00002720,east_jakarta,female,paid,2025-07-13,2026-05-12
20250713-00002721,east_jakarta,male,organic,2025-07-13,2026-01-04
20250713-00002722,central_jakarta,male,paid,2025-07-13,2026-04-06
20250713-00002723,central_jakarta,male,organic,2025-07-13,2026-04-25
20250714-00002724,west_jakarta,male,organic,2025-07-14,2026-01-14
20250714-00002725,west_jakarta,male,organic,2025-07-14,2026-06-12
20250714-00002726,south_jakarta,female,organic,2025-07-14,2026-06-07
20250715-00002727,south_jakarta,female,organic,2025-07-15,2026-06-19
20250715-00002728,central_jakarta,male,organic,2025-07-15,2026-06-03
20250715-00002729,central_jakarta,male,organic,2025-07-15,2026-06-14
20250716-00002730,south_jakarta,female,paid,2025-07-16,2026-03-06
20250716-00002731,east_jakarta,female,organic,2025-07-16,2026-01-11
20250717-00002732,south_tangerang,female,organic,2025-07-17,2026-03-06
20250717-00002733,south_jakarta,female,organic,2025-07-17,2026-04-26
20250717-00002734,tangerang_city,female,organic,2025-07-17,2026-03-03
20250717-00002735,west_jakarta,female,organic,2025-07-17,2026-06-09
20250717-00002736,central_jakarta,female,paid,2025-07-17,2026-04-23
20250718-00002737,west_jakarta,male,paid,2025-07-18,2026-03-08
20250718-00002738,north_jakarta,female,organic,2025-07-18,2026-06-07
20250718-00002739,south_jakarta,female,organic,2025-07-18,2026-05-11
20250718-00002740,east_jakarta,male,paid,2025-07-18,2026-05-02
20250719-00002741,east_jakarta,female,organic,2025-07-19,2026-06-19
20250719-00002742,central_jakarta,female,paid,2025-07-19,2026-06-07
20250720-00002743,south_jakarta,female,organic,2025-07-20,2026-06-08
20250720-00002744,south_jakarta,male,organic,2025-07-20,2026-04-02
20250720-00002745,east_jakarta,male,organic,2025-07-20,2026-06-12
20250721-00002746,south_jakarta,female,paid,2025-07-21,2026-05-03
20250722-00002747,south_tangerang,female,organic,2025-07-22,2026-05-30
20250722-00002748,east_jakarta,female,paid,2025-07-22,2026-06-17
20250722-00002749,central_jakarta,male,paid,2025-07-22,2026-06-07
20250725-00002750,tangerang_city,female,paid,2025-07-25,2026-05-02
20250725-00002751,south_jakarta,male,organic,2025-07-25,2026-06-13
20250726-00002752,west_jakarta,female,organic,2025-07-26,2026-06-17
20250726-00002753,central_jakarta,female,paid,2025-07-26,2026-05-16
20250726-00002754,west_jakarta,male,paid,2025-07-26,2026-02-24
20250727-00002755,central_jakarta,male,organic,2025-07-27,2026-05-20
20250727-00002756,central_jakarta,female,organic,2025-07-27,2026-03-15
20250727-00002757,south_jakarta,male,organic,2025-07-27,2026-02-04
20250727-00002758,east_jakarta,female,paid,2025-07-27,2026-05-02
20250728-00002759,central_jakarta,female,organic,2025-07-28,2026-05-17
20250728-00002760,tangerang_city,male,paid,2025-07-28,2026-06-12
20250728-00002761,west_jakarta,male,organic,2025-07-28,2026-03-30
20250728-00002762,north_jakarta,male,organic,2025-07-28,2026-06-12
20250729-00002763,west_jakarta,male,organic,2025-07-29,2026-06-12
20250729-00002764,south_jakarta,female,paid,2025-07-29,2026-04-13
20250729-00002765,east_jakarta,female,organic,2025-07-29,2026-05-13
20250729-00002766,tangerang_city,male,paid,2025-07-29,2026-03-21
20250729-00002767,east_jakarta,female,paid,2025-07-29,2026-06-03
20250730-00002768,east_jakarta,male,paid,2025-07-30,2026-04-24
20250801-00002769,south_jakarta,male,paid,2025-08-01,2026-05-23
20250801-00002770,central_jakarta,female,paid,2025-08-01,2026-06-07
20250801-00002771,central_jakarta,female,paid,2025-08-01,2026-06-19
20250802-00002772,south_jakarta,female,paid,2025-08-02,2026-05-05
20250802-00002773,central_jakarta,female,organic,2025-08-02,2025-12-28
20250802-00002774,central_jakarta,male,organic,2025-08-02,2026-06-05
20250803-00002775,north_jakarta,female,paid,2025-08-03,2026-03-01
20250803-00002776,south_jakarta,male,paid,2025-08-03,2026-06-13
20250803-00002777,north_jakarta,female,organic,2025-08-03,2026-04-28
20250803-00002778,north_jakarta,male,organic,2025-08-03,2026-06-17
20250804-00002779,south_jakarta,female,organic,2025-08-04,2026-05-09
20250804-00002780,south_jakarta,male,paid,2025-08-04,2026-01-24
20250804-00002781,east_jakarta,female,paid,2025-08-04,2026-05-05
20250804-00002782,central_jakarta,male,organic,2025-08-04,2026-04-29
20250804-00002783,south_jakarta,female,organic,2025-08-04,2026-05-15
20250805-00002784,north_jakarta,male,paid,2025-08-05,2026-05-14
20250805-00002785,south_tangerang,male,organic,2025-08-05,2026-06-18
20250806-00002786,south_tangerang,male,organic,2025-08-06,2026-05-15
20250806-00002787,south_tangerang,female,paid,2025-08-06,2026-03-21
20250806-00002788,central_jakarta,male,paid,2025-08-06,2026-03-23
20250807-00002789,west_jakarta,male,organic,2025-08-07,2026-06-19
20250808-00002790,east_jakarta,male,organic,2025-08-08,2026-06-03
20250808-00002791,south_jakarta,male,organic,2025-08-08,2026-02-08
20250810-00002792,tangerang_city,female,organic,2025-08-10,2026-06-12
20250810-00002793,west_jakarta,female,organic,2025-08-10,2026-05-24
20250810-00002794,south_jakarta,female,organic,2025-08-10,2026-05-21
20250810-00002795,east_jakarta,male,organic,2025-08-10,2026-02-24
20250810-00002796,east_jakarta,male,organic,2025-08-10,2026-02-16
20250811-00002797,south_jakarta,male,paid,2025-08-11,2026-05-02
20250811-00002798,central_jakarta,female,organic,2025-08-11,2026-06-09
20250812-00002799,south_tangerang,female,paid,2025-08-12,2026-04-18
20250813-00002800,central_jakarta,female,paid,2025-08-13,2026-03-01
20250813-00002801,south_jakarta,male,organic,2025-08-13,2026-05-12
20250813-00002802,west_jakarta,male,organic,2025-08-13,2026-06-15
20250813-00002803,south_jakarta,female,organic,2025-08-13,2026-06-16
20250813-00002804,south_jakarta,male,organic,2025-08-13,2026-06-07
20250813-00002805,south_jakarta,female,organic,2025-08-13,2026-05-30
20250814-00002806,south_jakarta,female,organic,2025-08-14,2026-06-16
20250814-00002807,south_tangerang,female,organic,2025-08-14,2026-05-21
20250814-00002808,south_jakarta,male,paid,2025-08-14,2026-04-26
20250814-00002809,east_jakarta,female,organic,2025-08-14,2026-06-18
20250814-00002810,central_jakarta,female,organic,2025-08-14,2026-05-07
20250814-00002811,central_jakarta,male,paid,2025-08-14,2026-06-11
20250814-00002812,south_jakarta,male,organic,2025-08-14,2026-05-13
20250814-00002813,south_jakarta,female,organic,2025-08-14,2026-03-28
20250815-00002814,tangerang_city,male,organic,2025-08-15,2026-06-14
20250815-00002815,south_jakarta,male,organic,2025-08-15,2026-05-09
20250815-00002816,south_jakarta,male,paid,2025-08-15,2026-05-09
20250816-00002817,south_jakarta,male,organic,2025-08-16,2026-06-10
20250816-00002818,east_jakarta,female,paid,2025-08-16,2026-06-06
20250816-00002819,tangerang_city,male,paid,2025-08-16,2026-06-19
20250816-00002820,central_jakarta,male,paid,2025-08-16,2026-02-21
20250816-00002821,west_jakarta,male,paid,2025-08-16,2026-05-10
20250816-00002822,west_jakarta,female,paid,2025-08-16,2026-05-22
20250816-00002823,west_jakarta,female,organic,2025-08-16,2026-03-05
20250817-00002824,south_jakarta,male,organic,2025-08-17,2026-03-22
20250817-00002825,south_jakarta,male,organic,2025-08-17,2026-06-11
20250817-00002826,north_jakarta,male,organic,2025-08-17,2026-02-21
20250817-00002827,south_tangerang,female,organic,2025-08-17,2026-06-12
20250817-00002828,south_tangerang,male,paid,2025-08-17,2026-05-02
20250818-00002829,east_jakarta,male,organic,2025-08-18,2026-04-01
20250818-00002830,tangerang_city,female,organic,2025-08-18,2025-12-13
20250819-00002831,south_jakarta,male,organic,2025-08-19,2026-05-11
20250819-00002832,south_tangerang,female,organic,2025-08-19,2026-02-22
20250820-00002833,central_jakarta,male,paid,2025-08-20,2026-06-19
20250822-00002834,west_jakarta,male,organic,2025-08-22,2026-02-14
20250822-00002835,tangerang_city,male,organic,2025-08-22,2026-03-20
20250823-00002836,central_jakarta,male,organic,2025-08-23,2026-06-11
20250823-00002837,south_jakarta,female,paid,2025-08-23,2026-06-14
20250823-00002838,south_jakarta,male,paid,2025-08-23,2026-02-18
20250824-00002839,south_jakarta,male,organic,2025-08-24,2026-06-05
20250824-00002840,north_jakarta,male,paid,2025-08-24,2026-03-19
20250824-00002841,central_jakarta,male,paid,2025-08-24,2026-06-14
20250824-00002842,east_jakarta,male,organic,2025-08-24,2026-05-31
20250824-00002843,south_jakarta,male,paid,2025-08-24,2026-05-21
20250824-00002844,central_jakarta,female,organic,2025-08-24,2026-04-29
20250825-00002845,south_jakarta,male,paid,2025-08-25,2026-03-09
20250827-00002846,central_jakarta,female,paid,2025-08-27,2026-05-10
20250827-00002847,west_jakarta,female,paid,2025-08-27,2026-06-16
20250827-00002848,west_jakarta,male,organic,2025-08-27,2026-05-20
20250827-00002849,central_jakarta,male,organic,2025-08-27,2026-06-01
20250828-00002850,tangerang_city,male,organic,2025-08-28,2026-06-11
20250828-00002851,south_jakarta,female,paid,2025-08-28,2026-05-23
20250829-00002852,tangerang_city,female,organic,2025-08-29,2026-05-17
20250829-00002853,south_jakarta,male,organic,2025-08-29,2026-01-29
20250829-00002854,south_jakarta,male,organic,2025-08-29,2026-06-05
20250829-00002855,west_jakarta,male,paid,2025-08-29,2026-06-04
20250829-00002856,south_tangerang,male,paid,2025-08-29,2026-05-03
20250830-00002857,north_jakarta,male,paid,2025-08-30,2026-04-20
20250830-00002858,south_tangerang,female,paid,2025-08-30,2026-02-13
20250830-00002859,west_jakarta,male,paid,2025-08-30,2026-05-14
20250831-00002860,central_jakarta,male,organic,2025-08-31,2026-06-14
20250831-00002861,south_jakarta,female,organic,2025-08-31,2026-06-03
20250831-00002862,central_jakarta,female,organic,2025-08-31,2026-06-19
20250831-00002863,tangerang_city,male,paid,2025-08-31,2026-04-07
20250901-00002864,south_jakarta,female,paid,2025-09-01,2026-04-09
20250901-00002865,central_jakarta,male,organic,2025-09-01,2026-05-28
20250902-00002866,south_jakarta,male,paid,2025-09-02,2026-06-17
20250902-00002867,south_tangerang,male,organic,2025-09-02,2026-05-23
20250903-00002868,tangerang_city,female,paid,2025-09-03,2026-06-11
20250903-00002869,south_tangerang,male,organic,2025-09-03,2026-02-28
20250903-00002870,west_jakarta,female,paid,2025-09-03,2026-06-14
20250903-00002871,north_jakarta,male,paid,2025-09-03,2026-01-01
20250903-00002872,north_jakarta,female,organic,2025-09-03,2026-05-31
20250904-00002873,south_jakarta,female,organic,2025-09-04,2026-05-23
20250905-00002874,south_tangerang,female,organic,2025-09-05,2026-02-02
20250906-00002875,south_jakarta,female,organic,2025-09-06,2026-06-18
20250906-00002876,north_jakarta,female,paid,2025-09-06,2026-04-07
20250906-00002877,south_jakarta,male,organic,2025-09-06,2026-03-08
20250906-00002878,central_jakarta,female,organic,2025-09-06,2026-06-14
20250906-00002879,east_jakarta,male,organic,2025-09-06,2026-06-09
20250906-00002880,central_jakarta,female,organic,2025-09-06,2026-06-13
20250907-00002881,west_jakarta,male,organic,2025-09-07,2026-06-08
20250907-00002882,central_jakarta,female,organic,2025-09-07,2026-04-19
20250908-00002883,central_jakarta,female,paid,2025-09-08,2026-06-05
20250908-00002884,south_jakarta,male,paid,2025-09-08,2026-05-24
20250908-00002885,north_jakarta,female,organic,2025-09-08,2026-01-24
20250908-00002886,east_jakarta,female,organic,2025-09-08,2026-04-18
20250909-00002887,central_jakarta,female,paid,2025-09-09,2026-04-03
20250909-00002888,west_jakarta,female,paid,2025-09-09,2026-05-17
20250909-00002889,west_jakarta,female,organic,2025-09-09,2026-03-04
20250909-00002890,central_jakarta,male,paid,2025-09-09,2026-06-13
20250910-00002891,south_jakarta,female,organic,2025-09-10,2026-04-28
20250911-00002892,east_jakarta,female,organic,2025-09-11,2026-03-22
20250911-00002893,central_jakarta,male,paid,2025-09-11,2026-02-22
20250912-00002894,east_jakarta,female,organic,2025-09-12,2026-06-11
20250913-00002895,south_jakarta,female,paid,2025-09-13,2026-06-18
20250913-00002896,south_jakarta,female,organic,2025-09-13,2026-05-25
20250913-00002897,west_jakarta,male,paid,2025-09-13,2026-02-23
20250913-00002898,central_jakarta,male,organic,2025-09-13,2026-05-01
20250913-00002899,east_jakarta,female,organic,2025-09-13,2026-01-12
20250913-00002900,west_jakarta,male,organic,2025-09-13,2026-04-04
20250914-00002901,north_jakarta,female,organic,2025-09-14,2026-04-17
20250914-00002902,central_jakarta,male,organic,2025-09-14,2026-06-02
20250914-00002903,west_jakarta,female,organic,2025-09-14,2026-06-13
20250914-00002904,west_jakarta,female,organic,2025-09-14,2026-06-05
20250915-00002905,east_jakarta,female,paid,2025-09-15,2026-03-22
20250915-00002906,south_jakarta,female,organic,2025-09-15,2026-05-04
20250915-00002907,south_jakarta,female,organic,2025-09-15,2026-05-01
20250916-00002908,north_jakarta,female,organic,2025-09-16,2026-02-21
20250916-00002909,west_jakarta,female,organic,2025-09-16,2026-03-13
20250916-00002910,south_tangerang,female,paid,2025-09-16,2026-04-29
20250917-00002911,east_jakarta,female,organic,2025-09-17,2026-05-16
20250917-00002912,west_jakarta,female,organic,2025-09-17,2026-03-28
20250917-00002913,north_jakarta,male,paid,2025-09-17,2026-03-18
20250918-00002914,central_jakarta,male,paid,2025-09-18,2026-06-13
20250918-00002915,south_jakarta,female,organic,2025-09-18,2026-06-14
20250918-00002916,north_jakarta,male,paid,2025-09-18,2026-04-26
20250919-00002917,central_jakarta,female,paid,2025-09-19,2026-06-17
20250919-00002918,north_jakarta,female,organic,2025-09-19,2026-05-17
20250919-00002919,central_jakarta,female,organic,2025-09-19,2026-06-06
20250920-00002920,south_jakarta,male,organic,2025-09-20,2026-05-09
20250920-00002921,south_jakarta,male,organic,2025-09-20,2026-05-23
20250920-00002922,central_jakarta,male,paid,2025-09-20,2026-01-31
20250920-00002923,south_tangerang,female,organic,2025-09-20,2026-02-15
20250920-00002924,central_jakarta,male,organic,2025-09-20,2025-12-19
20250920-00002925,west_jakarta,male,organic,2025-09-20,2026-06-06
20250920-00002926,south_jakarta,male,organic,2025-09-20,2026-05-09
20250920-00002927,south_tangerang,male,organic,2025-09-20,2026-06-19
20250920-00002928,north_jakarta,male,organic,2025-09-20,2026-06-10
20250921-00002929,east_jakarta,male,organic,2025-09-21,2026-05-09
20250921-00002930,south_jakarta,male,organic,2025-09-21,2026-01-16
20250921-00002931,south_jakarta,female,organic,2025-09-21,2026-02-21
20250921-00002932,central_jakarta,female,paid,2025-09-21,2026-05-22
20250921-00002933,tangerang_city,female,organic,2025-09-21,2026-04-12
20250921-00002934,north_jakarta,female,paid,2025-09-21,2026-02-25
20250921-00002935,east_jakarta,male,paid,2025-09-21,2026-05-23
20250922-00002936,south_tangerang,female,organic,2025-09-22,2026-03-29
20250922-00002937,south_tangerang,male,paid,2025-09-22,2026-04-07
20250924-00002938,south_jakarta,male,paid,2025-09-24,2026-05-24
20250924-00002939,tangerang_city,male,paid,2025-09-24,2026-06-19
20250924-00002940,west_jakarta,male,organic,2025-09-24,2026-05-19
20250924-00002941,south_tangerang,male,paid,2025-09-24,2026-04-04
20250926-00002942,east_jakarta,male,paid,2025-09-26,2026-06-13
20250927-00002943,central_jakarta,male,organic,2025-09-27,2026-06-09
20250927-00002944,east_jakarta,male,organic,2025-09-27,2026-04-23
20250927-00002945,south_jakarta,female,paid,2025-09-27,2026-05-31
20250927-00002946,west_jakarta,male,paid,2025-09-27,2026-05-04
20250927-00002947,north_jakarta,female,paid,2025-09-27,2026-04-09
20250927-00002948,east_jakarta,female,paid,2025-09-27,2026-05-13
20250928-00002949,tangerang_city,female,paid,2025-09-28,2026-06-07
20250928-00002950,east_jakarta,male,paid,2025-09-28,2026-06-13
20250928-00002951,central_jakarta,male,paid,2025-09-28,2026-05-29
20250928-00002952,south_tangerang,male,organic,2025-09-28,2026-06-09
20250929-00002953,central_jakarta,female,paid,2025-09-29,2026-06-16
20250929-00002954,west_jakarta,male,paid,2025-09-29,2026-05-15
20250929-00002955,west_jakarta,male,paid,2025-09-29,2026-03-23
20250930-00002956,tangerang_city,female,organic,2025-09-30,2026-04-23
20250930-00002957,west_jakarta,female,organic,2025-09-30,2026-06-17
20251001-00002958,south_jakarta,male,organic,2025-10-01,2026-06-19
20251002-00002959,north_jakarta,female,organic,2025-10-02,2026-06-19
20251003-00002960,central_jakarta,male,organic,2025-10-03,2026-05-26
20251003-00002961,south_tangerang,female,organic,2025-10-03,2026-04-09
20251003-00002962,central_jakarta,female,paid,2025-10-03,2026-03-21
20251003-00002963,south_jakarta,male,organic,2025-10-03,2026-05-22
20251003-00002964,central_jakarta,female,organic,2025-10-03,2026-04-04
20251004-00002965,tangerang_city,male,organic,2025-10-04,2026-05-23
20251004-00002966,east_jakarta,male,paid,2025-10-04,2026-04-26
20251004-00002967,north_jakarta,male,organic,2025-10-04,2026-06-12
20251004-00002968,east_jakarta,male,paid,2025-10-04,2026-05-22
20251004-00002969,north_jakarta,male,paid,2025-10-04,2026-06-15
20251005-00002970,north_jakarta,male,organic,2025-10-05,2026-05-26
20251005-00002971,south_jakarta,male,paid,2025-10-05,2026-03-27
20251005-00002972,south_jakarta,female,organic,2025-10-05,2026-05-31
20251005-00002973,south_tangerang,male,paid,2025-10-05,2026-06-14
20251005-00002974,west_jakarta,female,paid,2025-10-05,2026-06-09
20251005-00002975,west_jakarta,female,organic,2025-10-05,2026-04-22
20251007-00002976,north_jakarta,female,paid,2025-10-07,2026-02-27
20251008-00002977,east_jakarta,male,organic,2025-10-08,2026-04-09
20251008-00002978,south_tangerang,female,organic,2025-10-08,2026-06-12
20251009-00002979,south_jakarta,female,organic,2025-10-09,2026-06-13
20251010-00002980,central_jakarta,male,organic,2025-10-10,2026-06-12
20251010-00002981,east_jakarta,male,organic,2025-10-10,2026-06-10
20251011-00002982,south_jakarta,male,organic,2025-10-11,2026-06-13
20251011-00002983,north_jakarta,male,organic,2025-10-11,2026-02-15
20251011-00002984,west_jakarta,female,paid,2025-10-11,2026-02-07
20251011-00002985,north_jakarta,male,paid,2025-10-11,2026-05-12
20251012-00002986,south_tangerang,male,paid,2025-10-12,2026-06-16
20251013-00002987,north_jakarta,female,organic,2025-10-13,2026-05-03
20251013-00002988,tangerang_city,female,paid,2025-10-13,2026-04-16
20251013-00002989,south_tangerang,female,paid,2025-10-13,2026-02-05
20251014-00002990,south_tangerang,female,organic,2025-10-14,2026-02-24
20251014-00002991,south_tangerang,female,organic,2025-10-14,2026-03-13
20251015-00002992,south_tangerang,male,organic,2025-10-15,2026-05-24
20251015-00002993,tangerang_city,female,paid,2025-10-15,2026-06-14
20251015-00002994,north_jakarta,female,organic,2025-10-15,2026-06-06
20251015-00002995,south_tangerang,male,paid,2025-10-15,2026-06-18
20251016-00002996,south_tangerang,female,organic,2025-10-16,2026-04-25
20251016-00002997,south_jakarta,female,organic,2025-10-16,2026-06-13
20251016-00002998,central_jakarta,female,paid,2025-10-16,2026-05-30
20251017-00002999,south_jakarta,male,organic,2025-10-17,2026-05-27
20251017-00003000,east_jakarta,female,paid,2025-10-17,2026-06-14
20251018-00003001,tangerang_city,male,organic,2025-10-18,2026-05-02
20251018-00003002,central_jakarta,female,organic,2025-10-18,2026-03-08
20251018-00003003,south_jakarta,male,paid,2025-10-18,2026-02-24
20251018-00003004,central_jakarta,female,organic,2025-10-18,2026-06-13
20251021-00003005,tangerang_city,male,organic,2025-10-21,2026-06-11
20251021-00003006,west_jakarta,male,organic,2025-10-21,2026-01-29
20251021-00003007,east_jakarta,female,paid,2025-10-21,2026-06-09
20251021-00003008,central_jakarta,female,organic,2025-10-21,2026-05-23
20251021-00003009,south_jakarta,male,organic,2025-10-21,2026-06-17
20251023-00003010,south_tangerang,female,organic,2025-10-23,2026-05-26
20251023-00003011,east_jakarta,female,organic,2025-10-23,2026-06-10
20251025-00003012,tangerang_city,male,organic,2025-10-25,2026-03-23
20251025-00003013,tangerang_city,female,organic,2025-10-25,2026-06-09
20251025-00003014,south_jakarta,male,organic,2025-10-25,2026-06-05
20251026-00003015,east_jakarta,male,organic,2025-10-26,2026-06-06
20251026-00003016,central_jakarta,male,organic,2025-10-26,2026-03-01
20251026-00003017,central_jakarta,male,paid,2025-10-26,2026-06-11
20251026-00003018,south_jakarta,male,paid,2025-10-26,2026-04-28
20251026-00003019,north_jakarta,female,paid,2025-10-26,2026-02-21
20251026-00003020,west_jakarta,male,organic,2025-10-26,2026-06-04
20251027-00003021,south_tangerang,female,organic,2025-10-27,2026-04-18
20251027-00003022,south_jakarta,male,organic,2025-10-27,2026-05-17
20251028-00003023,north_jakarta,male,paid,2025-10-28,2026-02-03
20251028-00003024,east_jakarta,male,organic,2025-10-28,2026-05-31
20251029-00003025,west_jakarta,male,paid,2025-10-29,2026-06-16
20251029-00003026,west_jakarta,female,organic,2025-10-29,2026-06-01
20251030-00003027,south_jakarta,female,organic,2025-10-30,2026-06-07
20251030-00003028,tangerang_city,female,organic,2025-10-30,2025-11-21
20251031-00003029,west_jakarta,male,organic,2025-10-31,2026-03-08
20251101-00003030,central_jakarta,female,organic,2025-11-01,2026-02-20
20251101-00003031,south_tangerang,female,organic,2025-11-01,2026-05-30
20251101-00003032,central_jakarta,female,paid,2025-11-01,2026-03-21
20251101-00003033,west_jakarta,female,organic,2025-11-01,2026-06-14
20251101-00003034,south_jakarta,male,organic,2025-11-01,2026-06-09
20251102-00003035,central_jakarta,female,organic,2025-11-02,2026-03-30
20251103-00003036,north_jakarta,female,organic,2025-11-03,2026-06-08
20251103-00003037,east_jakarta,male,paid,2025-11-03,2026-06-05
20251103-00003038,south_tangerang,male,organic,2025-11-03,2026-05-08
20251103-00003039,south_jakarta,female,paid,2025-11-03,2026-03-28
20251104-00003040,west_jakarta,male,paid,2025-11-04,2026-04-07
20251104-00003041,south_jakarta,female,paid,2025-11-04,2026-06-17
20251105-00003042,west_jakarta,female,paid,2025-11-05,2026-06-10
20251105-00003043,south_jakarta,female,organic,2025-11-05,2026-04-12
20251106-00003044,south_jakarta,male,paid,2025-11-06,2026-03-09
20251106-00003045,south_jakarta,male,paid,2025-11-06,2026-06-12
20251107-00003046,south_tangerang,male,paid,2025-11-07,2026-06-18
20251107-00003047,east_jakarta,male,paid,2025-11-07,2026-06-14
20251107-00003048,south_tangerang,male,paid,2025-11-07,2026-03-15
20251108-00003049,tangerang_city,female,organic,2025-11-08,2026-06-06
20251108-00003050,west_jakarta,male,organic,2025-11-08,2026-06-16
20251108-00003051,south_jakarta,male,organic,2025-11-08,2026-04-28
20251108-00003052,east_jakarta,female,paid,2025-11-08,2026-05-16
20251109-00003053,south_jakarta,female,paid,2025-11-09,2026-06-06
20251109-00003054,west_jakarta,male,organic,2025-11-09,2026-05-10
20251109-00003055,south_jakarta,female,organic,2025-11-09,2026-06-05
20251110-00003056,south_jakarta,male,paid,2025-11-10,2026-06-11
20251111-00003057,central_jakarta,male,organic,2025-11-11,2026-06-17
20251113-00003058,west_jakarta,male,organic,2025-11-13,2026-06-13
20251113-00003059,tangerang_city,male,paid,2025-11-13,2026-06-13
20251114-00003060,south_tangerang,female,paid,2025-11-14,2026-06-19
20251115-00003061,south_jakarta,female,organic,2025-11-15,2026-06-08
20251115-00003062,south_jakarta,male,organic,2025-11-15,2026-05-30
20251115-00003063,north_jakarta,male,paid,2025-11-15,2026-05-10
20251115-00003064,south_jakarta,male,paid,2025-11-15,2026-02-08
20251115-00003065,south_jakarta,male,organic,2025-11-15,2026-06-15
20251115-00003066,south_jakarta,male,organic,2025-11-15,2026-06-17
20251115-00003067,south_jakarta,male,organic,2025-11-15,2026-05-02
20251115-00003068,north_jakarta,female,paid,2025-11-15,2026-05-30
20251116-00003069,central_jakarta,male,organic,2025-11-16,2026-05-23
20251116-00003070,south_jakarta,male,paid,2025-11-16,2026-06-05
20251116-00003071,east_jakarta,female,organic,2025-11-16,2026-06-15
20251116-00003072,south_jakarta,female,paid,2025-11-16,2026-01-24
20251118-00003073,east_jakarta,male,paid,2025-11-18,2026-06-19
20251118-00003074,east_jakarta,male,paid,2025-11-18,2026-05-02
20251118-00003075,west_jakarta,male,organic,2025-11-18,2026-06-14
20251119-00003076,tangerang_city,female,organic,2025-11-19,2025-11-23
20251120-00003077,central_jakarta,male,organic,2025-11-20,2026-06-16
20251120-00003078,south_tangerang,female,organic,2025-11-20,2026-02-23
20251120-00003079,south_jakarta,male,organic,2025-11-20,2026-01-03
20251120-00003080,south_tangerang,male,paid,2025-11-20,2026-05-16
20251121-00003081,east_jakarta,male,organic,2025-11-21,2026-03-21
20251121-00003082,south_jakarta,male,organic,2025-11-21,2026-04-12
20251122-00003083,central_jakarta,female,organic,2025-11-22,2026-05-02
20251122-00003084,south_jakarta,male,organic,2025-11-22,2026-06-05
20251122-00003085,tangerang_city,male,organic,2025-11-22,2026-06-09
20251122-00003086,central_jakarta,female,organic,2025-11-22,2026-05-30
20251122-00003087,central_jakarta,male,organic,2025-11-22,2026-02-13
20251122-00003088,east_jakarta,male,paid,2025-11-22,2026-05-26
20251124-00003089,tangerang_city,male,paid,2025-11-24,2026-06-10
20251124-00003090,west_jakarta,male,organic,2025-11-24,2026-06-13
20251124-00003091,tangerang_city,female,paid,2025-11-24,2026-06-01
20251124-00003092,south_jakarta,female,organic,2025-11-24,2026-03-02
20251124-00003093,tangerang_city,male,organic,2025-11-24,2025-11-24
20251124-00003094,west_jakarta,male,organic,2025-11-24,2026-01-11
20251125-00003095,central_jakarta,male,paid,2025-11-25,2026-06-14
20251125-00003096,south_tangerang,female,organic,2025-11-25,2026-03-11
20251126-00003097,central_jakarta,female,organic,2025-11-26,2026-06-18
20251126-00003098,central_jakarta,female,organic,2025-11-26,2026-05-02
20251127-00003099,west_jakarta,male,organic,2025-11-27,2026-04-14
20251128-00003100,south_jakarta,male,organic,2025-11-28,2026-05-30
20251128-00003101,south_jakarta,male,organic,2025-11-28,2026-06-14
20251128-00003102,south_jakarta,female,organic,2025-11-28,2026-06-15
20251129-00003103,south_jakarta,male,paid,2025-11-29,2026-06-08
20251129-00003104,north_jakarta,female,paid,2025-11-29,2026-03-23
20251129-00003105,tangerang_city,male,organic,2025-11-29,2026-06-14
20251129-00003106,south_jakarta,female,organic,2025-11-29,2026-05-15
20251129-00003107,north_jakarta,female,organic,2025-11-29,2026-02-22
20251130-00003108,south_jakarta,female,organic,2025-11-30,2026-06-04
20251130-00003109,west_jakarta,female,organic,2025-11-30,2026-03-21
20251130-00003110,tangerang_city,female,organic,2025-11-30,2026-06-16
20251130-00003111,tangerang_city,male,paid,2025-11-30,2026-05-22
20251130-00003112,west_jakarta,female,organic,2025-11-30,2026-05-31
20251201-00003113,south_jakarta,female,paid,2025-12-01,2026-04-17
20251201-00003114,central_jakarta,female,paid,2025-12-01,2026-06-19
20251202-00003115,south_jakarta,male,organic,2025-12-02,2026-03-05
20251202-00003116,south_tangerang,female,paid,2025-12-02,2026-05-31
20251202-00003117,south_tangerang,female,organic,2025-12-02,2026-02-21
20251203-00003118,south_jakarta,female,paid,2025-12-03,2026-02-12
20251203-00003119,east_jakarta,male,organic,2025-12-03,2026-05-04
20251203-00003120,west_jakarta,female,paid,2025-12-03,2026-06-11
20251203-00003121,east_jakarta,male,paid,2025-12-03,2026-05-11
20251204-00003122,tangerang_city,male,organic,2025-12-04,2026-05-24
20251205-00003123,north_jakarta,female,paid,2025-12-05,2026-05-08
20251205-00003124,north_jakarta,male,paid,2025-12-05,2026-04-28
20251206-00003125,north_jakarta,male,paid,2025-12-06,2026-05-29
20251206-00003126,east_jakarta,male,paid,2025-12-06,2026-06-04
20251206-00003127,east_jakarta,female,organic,2025-12-06,2026-04-13
20251206-00003128,west_jakarta,male,organic,2025-12-06,2026-04-19
20251207-00003129,central_jakarta,male,paid,2025-12-07,2026-04-13
20251209-00003130,tangerang_city,male,organic,2025-12-09,2026-02-19
20251209-00003131,central_jakarta,male,organic,2025-12-09,2026-06-11
20251209-00003132,east_jakarta,female,paid,2025-12-09,2026-05-03
20251209-00003133,tangerang_city,female,paid,2025-12-09,2026-01-14
20251209-00003134,tangerang_city,female,paid,2025-12-09,2026-02-27
20251210-00003135,south_jakarta,male,paid,2025-12-10,2026-06-19
20251210-00003136,west_jakarta,male,organic,2025-12-10,2026-06-07
20251210-00003137,west_jakarta,male,organic,2025-12-10,2026-06-10
20251211-00003138,east_jakarta,female,organic,2025-12-11,2026-01-22
20251212-00003139,north_jakarta,male,paid,2025-12-12,2026-03-14
20251213-00003140,east_jakarta,female,organic,2025-12-13,2026-05-19
20251213-00003141,north_jakarta,male,paid,2025-12-13,2026-04-03
20251214-00003142,west_jakarta,female,organic,2025-12-14,2026-06-07
20251214-00003143,south_jakarta,male,organic,2025-12-14,2026-06-16
20251214-00003144,central_jakarta,male,paid,2025-12-14,2026-03-29
20251214-00003145,east_jakarta,female,paid,2025-12-14,2026-06-01
20251214-00003146,central_jakarta,male,organic,2025-12-14,2026-04-13
20251215-00003147,west_jakarta,female,organic,2025-12-15,2026-04-28
20251216-00003148,central_jakarta,male,paid,2025-12-16,2026-05-30
20251217-00003149,east_jakarta,female,paid,2025-12-17,2026-06-02
20251217-00003150,central_jakarta,male,paid,2025-12-17,2026-04-04
20251218-00003151,tangerang_city,female,organic,2025-12-18,2026-06-11
20251218-00003152,east_jakarta,female,organic,2025-12-18,2026-05-25
20251218-00003153,south_tangerang,male,organic,2025-12-18,2026-01-26
20251219-00003154,west_jakarta,female,organic,2025-12-19,2026-06-14
20251219-00003155,north_jakarta,male,paid,2025-12-19,2026-05-02
20251220-00003156,south_jakarta,male,organic,2025-12-20,2026-02-18
20251220-00003157,north_jakarta,male,paid,2025-12-20,2026-05-12
20251220-00003158,south_tangerang,male,organic,2025-12-20,2026-04-15
20251220-00003159,north_jakarta,female,organic,2025-12-20,2026-06-16
20251220-00003160,tangerang_city,male,organic,2025-12-20,2026-06-14
20251220-00003161,east_jakarta,male,organic,2025-12-20,2026-06-19
20251220-00003162,east_jakarta,female,organic,2025-12-20,2026-05-21
20251220-00003163,south_tangerang,female,organic,2025-12-20,2026-06-11
20251221-00003164,north_jakarta,male,organic,2025-12-21,2025-12-27
20251221-00003165,north_jakarta,female,organic,2025-12-21,2026-06-02
20251223-00003166,east_jakarta,female,paid,2025-12-23,2026-05-17
20251223-00003167,east_jakarta,male,organic,2025-12-23,2025-12-23
20251223-00003168,north_jakarta,male,paid,2025-12-23,2026-03-30
20251223-00003169,east_jakarta,female,paid,2025-12-23,2026-05-07
20251224-00003170,tangerang_city,female,organic,2025-12-24,2026-05-20
20251224-00003171,tangerang_city,male,paid,2025-12-24,2026-06-02
20251225-00003172,north_jakarta,male,paid,2025-12-25,2026-01-09
20251225-00003173,west_jakarta,female,organic,2025-12-25,2026-05-16
20251226-00003174,west_jakarta,male,organic,2025-12-26,2026-05-08
20251227-00003175,south_tangerang,female,organic,2025-12-27,2026-05-31
20251227-00003176,tangerang_city,female,organic,2025-12-27,2026-05-24
20251227-00003177,tangerang_city,male,organic,2025-12-27,2026-04-28
20251227-00003178,south_jakarta,female,paid,2025-12-27,2026-05-29
20251227-00003179,tangerang_city,male,organic,2025-12-27,2026-06-15
20251228-00003180,tangerang_city,female,paid,2025-12-28,2026-06-13
20251228-00003181,central_jakarta,male,paid,2025-12-28,2026-06-06
20251228-00003182,tangerang_city,male,paid,2025-12-28,2026-03-13
20251229-00003183,south_jakarta,female,paid,2025-12-29,2026-01-29
20251230-00003184,central_jakarta,male,organic,2025-12-30,2026-01-18
20251230-00003185,central_jakarta,male,organic,2025-12-30,2026-03-01
20251230-00003186,west_jakarta,female,organic,2025-12-30,2026-05-29
20251231-00003187,south_tangerang,male,organic,2025-12-31,2026-04-05
20251231-00003188,east_jakarta,male,paid,2025-12-31,2026-04-24
20260101-00003189,west_jakarta,male,paid,2026-01-01,2026-01-20
20260101-00003190,central_jakarta,male,paid,2026-01-01,2026-03-08
20260101-00003191,north_jakarta,female,organic,2026-01-01,2026-06-14
20260102-00003192,north_jakarta,male,paid,2026-01-02,2026-03-10
20260102-00003193,west_jakarta,female,organic,2026-01-02,2026-05-24
20260103-00003194,east_jakarta,male,organic,2026-01-03,2026-06-15
20260103-00003195,east_jakarta,male,paid,2026-01-03,2026-06-16
20260103-00003196,south_jakarta,male,organic,2026-01-03,2026-01-15
20260104-00003197,west_jakarta,male,paid,2026-01-04,2026-06-14
20260104-00003198,tangerang_city,male,paid,2026-01-04,2026-06-09
20260105-00003199,west_jakarta,female,organic,2026-01-05,2026-06-09
20260106-00003200,south_jakarta,female,organic,2026-01-06,2026-02-18
20260106-00003201,west_jakarta,male,paid,2026-01-06,2026-06-11
20260106-00003202,west_jakarta,female,paid,2026-01-06,2026-03-28
20260107-00003203,central_jakarta,male,organic,2026-01-07,2026-01-07
20260107-00003204,tangerang_city,male,organic,2026-01-07,2026-05-28
20260107-00003205,west_jakarta,female,paid,2026-01-07,2026-06-13
20260108-00003206,south_jakarta,female,paid,2026-01-08,2026-01-11
20260108-00003207,south_jakarta,female,organic,2026-01-08,2026-06-14
20260108-00003208,west_jakarta,female,paid,2026-01-08,2026-06-08
20260109-00003209,south_jakarta,male,paid,2026-01-09,2026-05-24
20260109-00003210,east_jakarta,male,organic,2026-01-09,2026-02-07
20260110-00003211,north_jakarta,male,organic,2026-01-10,2026-05-03
20260110-00003212,west_jakarta,female,paid,2026-01-10,2026-06-19
20260110-00003213,south_tangerang,female,organic,2026-01-10,2026-05-22
20260110-00003214,south_jakarta,female,paid,2026-01-10,2026-04-06
20260111-00003215,south_tangerang,male,organic,2026-01-11,2026-06-11
20260111-00003216,central_jakarta,female,organic,2026-01-11,2026-03-30
20260111-00003217,south_tangerang,male,paid,2026-01-11,2026-06-14
20260111-00003218,east_jakarta,female,organic,2026-01-11,2026-03-04
20260112-00003219,east_jakarta,female,organic,2026-01-12,2026-03-11
20260112-00003220,tangerang_city,female,organic,2026-01-12,2026-05-23
20260113-00003221,north_jakarta,female,paid,2026-01-13,2026-05-07
20260113-00003222,west_jakarta,male,paid,2026-01-13,2026-04-26
20260114-00003223,south_jakarta,female,organic,2026-01-14,2026-02-20
20260114-00003224,south_tangerang,male,organic,2026-01-14,2026-06-12
20260114-00003225,west_jakarta,female,organic,2026-01-14,2026-06-19
20260115-00003226,west_jakarta,female,organic,2026-01-15,2026-06-16
20260115-00003227,south_jakarta,male,paid,2026-01-15,2026-06-13
20260116-00003228,central_jakarta,male,organic,2026-01-16,2026-04-12
20260116-00003229,north_jakarta,female,organic,2026-01-16,2026-05-23
20260117-00003230,south_tangerang,male,organic,2026-01-17,2026-06-06
20260117-00003231,central_jakarta,female,organic,2026-01-17,2026-05-17
20260117-00003232,east_jakarta,female,organic,2026-01-17,2026-04-19
20260117-00003233,south_jakarta,male,organic,2026-01-17,2026-02-07
20260118-00003234,central_jakarta,male,organic,2026-01-18,2026-02-13
20260118-00003235,south_tangerang,male,organic,2026-01-18,2026-04-14
20260119-00003236,central_jakarta,female,organic,2026-01-19,2026-05-30
20260119-00003237,east_jakarta,male,paid,2026-01-19,2026-06-04
20260120-00003238,north_jakarta,male,paid,2026-01-20,2026-05-15
20260122-00003239,south_tangerang,male,paid,2026-01-22,2026-04-21
20260122-00003240,south_tangerang,male,paid,2026-01-22,2026-06-16
20260123-00003241,south_jakarta,female,organic,2026-01-23,2026-02-07
20260123-00003242,tangerang_city,male,organic,2026-01-23,2026-02-21
20260123-00003243,east_jakarta,female,organic,2026-01-23,2026-02-01
20260124-00003244,west_jakarta,male,organic,2026-01-24,2026-04-15
20260124-00003245,central_jakarta,female,paid,2026-01-24,2026-01-24
20260125-00003246,south_jakarta,female,organic,2026-01-25,2026-04-04
20260125-00003247,west_jakarta,male,organic,2026-01-25,2026-05-16
20260126-00003248,west_jakarta,male,organic,2026-01-26,2026-05-24
20260126-00003249,south_jakarta,female,organic,2026-01-26,2026-06-14
20260127-00003250,west_jakarta,female,paid,2026-01-27,2026-03-16
20260127-00003251,south_jakarta,male,organic,2026-01-27,2026-01-27
20260127-00003252,south_tangerang,male,paid,2026-01-27,2026-03-08
20260128-00003253,south_jakarta,female,paid,2026-01-28,2026-06-14
20260128-00003254,central_jakarta,male,organic,2026-01-28,2026-06-15
20260128-00003255,east_jakarta,male,organic,2026-01-28,2026-02-15
20260128-00003256,central_jakarta,male,paid,2026-01-28,2026-05-30
20260128-00003257,west_jakarta,female,organic,2026-01-28,2026-04-04
20260128-00003258,south_tangerang,male,organic,2026-01-28,2026-06-18
20260129-00003259,central_jakarta,female,organic,2026-01-29,2026-05-17
20260129-00003260,west_jakarta,male,organic,2026-01-29,2026-01-29
20260130-00003261,tangerang_city,female,organic,2026-01-30,2026-04-13
20260130-00003262,tangerang_city,male,paid,2026-01-30,2026-02-27
20260131-00003263,south_tangerang,female,organic,2026-01-31,2026-05-05
20260131-00003264,north_jakarta,male,organic,2026-01-31,2026-04-10
20260131-00003265,central_jakarta,male,paid,2026-01-31,2026-05-03
20260131-00003266,south_jakarta,male,organic,2026-01-31,2026-06-16
20260201-00003267,south_jakarta,male,paid,2026-02-01,2026-06-18
20260201-00003268,central_jakarta,male,organic,2026-02-01,2026-06-09
20260202-00003269,central_jakarta,male,organic,2026-02-02,2026-02-28
20260203-00003270,central_jakarta,male,organic,2026-02-03,2026-02-15
20260203-00003271,tangerang_city,male,organic,2026-02-03,2026-04-25
20260204-00003272,south_jakarta,male,organic,2026-02-04,2026-05-06
20260204-00003273,central_jakarta,female,paid,2026-02-04,2026-06-07
20260204-00003274,central_jakarta,male,organic,2026-02-04,2026-06-16
20260204-00003275,west_jakarta,male,organic,2026-02-04,2026-06-13
20260205-00003276,east_jakarta,female,organic,2026-02-05,2026-06-09
20260206-00003277,south_jakarta,female,paid,2026-02-06,2026-06-14
20260206-00003278,tangerang_city,female,paid,2026-02-06,2026-06-17
20260206-00003279,south_tangerang,male,paid,2026-02-06,2026-06-07
20260206-00003280,west_jakarta,male,organic,2026-02-06,2026-03-20
20260206-00003281,north_jakarta,female,paid,2026-02-06,2026-04-05
20260206-00003282,south_tangerang,female,organic,2026-02-06,2026-06-12
20260207-00003283,south_jakarta,female,paid,2026-02-07,2026-05-27
20260208-00003284,east_jakarta,male,organic,2026-02-08,2026-06-08
20260208-00003285,south_tangerang,male,paid,2026-02-08,2026-05-22
20260208-00003286,central_jakarta,male,organic,2026-02-08,2026-06-12
20260209-00003287,west_jakarta,male,paid,2026-02-09,2026-05-20
20260209-00003288,west_jakarta,male,organic,2026-02-09,2026-06-13
20260211-00003289,tangerang_city,male,paid,2026-02-11,2026-05-10
20260212-00003290,west_jakarta,female,paid,2026-02-12,2026-03-12
20260212-00003291,south_jakarta,female,organic,2026-02-12,2026-06-19
20260213-00003292,north_jakarta,female,organic,2026-02-13,2026-02-26
20260213-00003293,tangerang_city,female,organic,2026-02-13,2026-04-21
20260214-00003294,central_jakarta,male,paid,2026-02-14,2026-05-24
20260214-00003295,west_jakarta,male,organic,2026-02-14,2026-02-22
20260214-00003296,tangerang_city,male,organic,2026-02-14,2026-06-06
20260215-00003297,east_jakarta,male,organic,2026-02-15,2026-06-11
20260215-00003298,north_jakarta,male,paid,2026-02-15,2026-05-24
20260216-00003299,west_jakarta,female,organic,2026-02-16,2026-04-19
20260216-00003300,south_jakarta,female,organic,2026-02-16,2026-02-28
20260216-00003301,tangerang_city,male,paid,2026-02-16,2026-03-08
20260216-00003302,south_jakarta,male,organic,2026-02-16,2026-06-13
20260217-00003303,tangerang_city,male,organic,2026-02-17,2026-02-21
20260217-00003304,central_jakarta,female,paid,2026-02-17,2026-06-10
20260218-00003305,south_jakarta,male,organic,2026-02-18,2026-06-07
20260218-00003306,south_jakarta,male,organic,2026-02-18,2026-04-27
20260221-00003307,east_jakarta,female,organic,2026-02-21,2026-05-10
20260222-00003308,tangerang_city,male,organic,2026-02-22,2026-03-31
20260222-00003309,tangerang_city,male,organic,2026-02-22,2026-03-09
20260222-00003310,south_jakarta,male,paid,2026-02-22,2026-05-13
20260223-00003311,south_tangerang,male,organic,2026-02-23,2026-06-16
20260223-00003312,north_jakarta,female,organic,2026-02-23,2026-06-06
20260223-00003313,south_jakarta,female,paid,2026-02-23,2026-03-21
20260224-00003314,south_tangerang,male,organic,2026-02-24,2026-03-11
20260224-00003315,south_tangerang,male,paid,2026-02-24,2026-05-24
20260224-00003316,east_jakarta,female,organic,2026-02-24,2026-05-13
20260225-00003317,east_jakarta,male,organic,2026-02-25,2026-02-25
20260225-00003318,east_jakarta,male,paid,2026-02-25,2026-06-17
20260226-00003319,north_jakarta,female,paid,2026-02-26,2026-05-10
20260226-00003320,tangerang_city,female,organic,2026-02-26,2026-02-26
20260226-00003321,south_jakarta,female,paid,2026-02-26,2026-03-24
20260227-00003322,south_tangerang,female,organic,2026-02-27,2026-05-16
20260227-00003323,tangerang_city,male,organic,2026-02-27,2026-04-19
20260227-00003324,west_jakarta,male,organic,2026-02-27,2026-02-27
20260227-00003325,tangerang_city,female,organic,2026-02-27,2026-03-05
20260227-00003326,north_jakarta,female,organic,2026-02-27,2026-02-27
20260228-00003327,south_jakarta,male,organic,2026-02-28,2026-06-05
20260228-00003328,north_jakarta,male,paid,2026-02-28,2026-06-05
20260228-00003329,north_jakarta,male,organic,2026-02-28,2026-06-06
20260228-00003330,south_jakarta,male,organic,2026-02-28,2026-06-16
20260228-00003331,east_jakarta,female,paid,2026-02-28,2026-03-01
20260228-00003332,south_jakarta,female,organic,2026-02-28,2026-06-13
20260228-00003333,west_jakarta,female,organic,2026-02-28,2026-03-13
20260301-00003334,south_tangerang,female,organic,2026-03-01,2026-03-01
20260301-00003335,tangerang_city,male,paid,2026-03-01,2026-04-30
20260302-00003336,south_jakarta,male,organic,2026-03-02,2026-06-13
20260302-00003337,central_jakarta,male,paid,2026-03-02,2026-03-02
20260302-00003338,south_tangerang,female,organic,2026-03-02,2026-06-17
20260302-00003339,west_jakarta,female,organic,2026-03-02,2026-05-16
20260303-00003340,north_jakarta,female,organic,2026-03-03,2026-06-06
20260303-00003341,south_jakarta,female,organic,2026-03-03,2026-06-17
20260303-00003342,south_tangerang,female,paid,2026-03-03,2026-06-17
20260304-00003343,west_jakarta,female,organic,2026-03-04,2026-05-31
20260304-00003344,south_jakarta,female,paid,2026-03-04,2026-03-04
20260306-00003345,tangerang_city,female,organic,2026-03-06,2026-05-10
20260306-00003346,south_jakarta,female,paid,2026-03-06,2026-03-26
20260306-00003347,central_jakarta,female,paid,2026-03-06,2026-05-18
20260307-00003348,east_jakarta,male,organic,2026-03-07,2026-05-24
20260307-00003349,west_jakarta,male,paid,2026-03-07,2026-04-08
20260307-00003350,south_jakarta,female,organic,2026-03-07,2026-06-06
20260307-00003351,central_jakarta,female,organic,2026-03-07,2026-05-02
20260307-00003352,west_jakarta,male,paid,2026-03-07,2026-03-31
20260307-00003353,south_jakarta,female,organic,2026-03-07,2026-05-28
20260308-00003354,west_jakarta,male,paid,2026-03-08,2026-05-18
20260309-00003355,north_jakarta,female,organic,2026-03-09,2026-06-07
20260309-00003356,north_jakarta,female,organic,2026-03-09,2026-06-09
20260310-00003357,south_jakarta,male,paid,2026-03-10,2026-04-18
20260311-00003358,central_jakarta,male,paid,2026-03-11,2026-05-31
20260311-00003359,west_jakarta,female,organic,2026-03-11,2026-05-28
20260311-00003360,south_tangerang,male,organic,2026-03-11,2026-06-15
20260312-00003361,east_jakarta,female,paid,2026-03-12,2026-05-24
20260312-00003362,tangerang_city,female,organic,2026-03-12,2026-05-22
20260312-00003363,central_jakarta,male,organic,2026-03-12,2026-03-12
20260313-00003364,tangerang_city,male,organic,2026-03-13,2026-03-14
20260313-00003365,east_jakarta,male,paid,2026-03-13,2026-03-13
20260313-00003366,central_jakarta,female,paid,2026-03-13,2026-06-13
20260313-00003367,north_jakarta,female,organic,2026-03-13,2026-06-13
20260314-00003368,central_jakarta,female,paid,2026-03-14,2026-04-02
20260314-00003369,south_tangerang,male,organic,2026-03-14,2026-05-07
20260314-00003370,east_jakarta,female,organic,2026-03-14,2026-05-23
20260314-00003371,east_jakarta,male,organic,2026-03-14,2026-06-12
20260315-00003372,tangerang_city,male,organic,2026-03-15,2026-05-13
20260315-00003373,central_jakarta,female,organic,2026-03-15,2026-06-07
20260315-00003374,south_jakarta,male,organic,2026-03-15,2026-06-17
20260315-00003375,central_jakarta,male,paid,2026-03-15,2026-04-19
20260315-00003376,central_jakarta,female,paid,2026-03-15,2026-05-09
20260316-00003377,east_jakarta,female,paid,2026-03-16,2026-04-15
20260316-00003378,south_tangerang,male,organic,2026-03-16,2026-06-06
20260316-00003379,south_jakarta,female,organic,2026-03-16,2026-05-09
20260317-00003380,south_jakarta,female,organic,2026-03-17,2026-06-13
20260317-00003381,east_jakarta,male,organic,2026-03-17,2026-03-17
20260317-00003382,tangerang_city,female,paid,2026-03-17,2026-04-26
20260318-00003383,tangerang_city,male,paid,2026-03-18,2026-06-12
20260319-00003384,south_jakarta,female,organic,2026-03-19,2026-06-12
20260319-00003385,south_tangerang,male,organic,2026-03-19,2026-06-03
20260319-00003386,west_jakarta,female,paid,2026-03-19,2026-03-25
20260319-00003387,central_jakarta,female,paid,2026-03-19,2026-06-07
20260320-00003388,west_jakarta,male,paid,2026-03-20,2026-06-09
20260320-00003389,west_jakarta,male,organic,2026-03-20,2026-05-03
20260321-00003390,east_jakarta,female,organic,2026-03-21,2026-05-12
20260321-00003391,north_jakarta,female,paid,2026-03-21,2026-06-01
20260321-00003392,tangerang_city,male,paid,2026-03-21,2026-05-23
20260321-00003393,south_tangerang,male,paid,2026-03-21,2026-06-04
20260321-00003394,tangerang_city,female,paid,2026-03-21,2026-05-31
20260322-00003395,west_jakarta,female,paid,2026-03-22,2026-06-02
20260322-00003396,central_jakarta,male,paid,2026-03-22,2026-06-03
20260322-00003397,west_jakarta,female,paid,2026-03-22,2026-06-13
20260323-00003398,east_jakarta,female,organic,2026-03-23,2026-04-04
20260323-00003399,central_jakarta,male,organic,2026-03-23,2026-06-14
20260323-00003400,central_jakarta,female,organic,2026-03-23,2026-05-30
20260324-00003401,central_jakarta,male,paid,2026-03-24,2026-06-05
20260324-00003402,central_jakarta,female,paid,2026-03-24,2026-05-01
20260324-00003403,east_jakarta,male,organic,2026-03-24,2026-03-24
20260326-00003404,west_jakarta,female,organic,2026-03-26,2026-06-17
20260326-00003405,west_jakarta,female,organic,2026-03-26,2026-06-18
20260326-00003406,central_jakarta,male,paid,2026-03-26,2026-05-05
20260326-00003407,south_tangerang,male,paid,2026-03-26,2026-03-26
20260326-00003408,south_jakarta,male,paid,2026-03-26,2026-06-08
20260327-00003409,west_jakarta,male,organic,2026-03-27,2026-05-08
20260327-00003410,central_jakarta,male,organic,2026-03-27,2026-06-17
20260327-00003411,south_jakarta,male,organic,2026-03-27,2026-04-26
20260328-00003412,tangerang_city,female,organic,2026-03-28,2026-05-23
20260328-00003413,north_jakarta,female,organic,2026-03-28,2026-04-14
20260328-00003414,tangerang_city,female,organic,2026-03-28,2026-06-13
20260328-00003415,west_jakarta,male,organic,2026-03-28,2026-03-28
20260328-00003416,tangerang_city,female,organic,2026-03-28,2026-06-14
20260329-00003417,west_jakarta,male,organic,2026-03-29,2026-05-30
20260329-00003418,south_jakarta,male,organic,2026-03-29,2026-05-18
20260329-00003419,central_jakarta,male,organic,2026-03-29,2026-03-29
20260329-00003420,central_jakarta,female,organic,2026-03-29,2026-05-02
20260329-00003421,central_jakarta,female,organic,2026-03-29,2026-06-03
20260329-00003422,central_jakarta,male,paid,2026-03-29,2026-05-27
20260329-00003423,tangerang_city,female,paid,2026-03-29,2026-06-10
20260330-00003424,east_jakarta,male,organic,2026-03-30,2026-06-17
20260331-00003425,west_jakarta,male,organic,2026-03-31,2026-06-19
20260401-00003426,south_jakarta,female,paid,2026-04-01,2026-06-13
20260401-00003427,central_jakarta,female,organic,2026-04-01,2026-06-13
20260401-00003428,south_jakarta,male,organic,2026-04-01,2026-04-01
20260402-00003429,west_jakarta,male,paid,2026-04-02,2026-06-19
20260402-00003430,east_jakarta,female,paid,2026-04-02,2026-05-02
20260403-00003431,south_tangerang,female,organic,2026-04-03,2026-06-08
20260403-00003432,east_jakarta,female,organic,2026-04-03,2026-05-02
20260403-00003433,central_jakarta,male,organic,2026-04-03,2026-04-18
20260404-00003434,central_jakarta,male,paid,2026-04-04,2026-05-25
20260404-00003435,west_jakarta,male,paid,2026-04-04,2026-06-13
20260405-00003436,north_jakarta,male,paid,2026-04-05,2026-06-18
20260405-00003437,south_jakarta,female,organic,2026-04-05,2026-06-07
20260406-00003438,south_jakarta,male,organic,2026-04-06,2026-06-14
20260406-00003439,central_jakarta,male,organic,2026-04-06,2026-06-13
20260406-00003440,west_jakarta,female,organic,2026-04-06,2026-06-08
20260406-00003441,north_jakarta,male,organic,2026-04-06,2026-04-06
20260406-00003442,south_tangerang,male,organic,2026-04-06,2026-06-07
20260407-00003443,west_jakarta,female,organic,2026-04-07,2026-06-10
20260407-00003444,south_jakarta,female,organic,2026-04-07,2026-05-27
20260408-00003445,west_jakarta,male,organic,2026-04-08,2026-04-21
20260408-00003446,south_jakarta,female,organic,2026-04-08,2026-04-08
20260408-00003447,central_jakarta,male,organic,2026-04-08,2026-04-21
20260408-00003448,west_jakarta,female,paid,2026-04-08,2026-05-10
20260409-00003449,tangerang_city,female,paid,2026-04-09,2026-06-07
20260409-00003450,north_jakarta,female,organic,2026-04-09,2026-06-16
20260409-00003451,north_jakarta,female,organic,2026-04-09,2026-04-18
20260409-00003452,central_jakarta,female,paid,2026-04-09,2026-04-09
20260409-00003453,south_jakarta,female,organic,2026-04-09,2026-04-16
20260410-00003454,east_jakarta,male,paid,2026-04-10,2026-05-02
20260410-00003455,north_jakarta,female,paid,2026-04-10,2026-04-11
20260410-00003456,north_jakarta,female,organic,2026-04-10,2026-04-30
20260411-00003457,south_jakarta,male,organic,2026-04-11,2026-06-16
20260411-00003458,west_jakarta,female,organic,2026-04-11,2026-06-16
20260411-00003459,central_jakarta,female,organic,2026-04-11,2026-04-11
20260411-00003460,north_jakarta,male,organic,2026-04-11,2026-05-12
20260411-00003461,tangerang_city,male,organic,2026-04-11,2026-05-21
20260412-00003462,east_jakarta,male,organic,2026-04-12,2026-05-10
20260412-00003463,east_jakarta,male,paid,2026-04-12,2026-04-12
20260413-00003464,south_tangerang,female,paid,2026-04-13,2026-05-30
20260413-00003465,east_jakarta,female,paid,2026-04-13,2026-06-09
20260415-00003466,south_jakarta,female,paid,2026-04-15,2026-06-13
20260415-00003467,north_jakarta,male,paid,2026-04-15,2026-06-16
20260416-00003468,central_jakarta,male,organic,2026-04-16,2026-06-02
20260416-00003469,south_jakarta,male,organic,2026-04-16,2026-06-08
20260416-00003470,west_jakarta,male,organic,2026-04-16,2026-05-23
20260418-00003471,tangerang_city,male,organic,2026-04-18,2026-06-13
20260419-00003472,central_jakarta,male,paid,2026-04-19,2026-05-03
20260419-00003473,west_jakarta,female,organic,2026-04-19,2026-05-01
20260419-00003474,south_jakarta,male,organic,2026-04-19,2026-06-02
20260421-00003475,tangerang_city,male,organic,2026-04-21,2026-05-12
20260422-00003476,central_jakarta,female,organic,2026-04-22,2026-04-22
20260422-00003477,east_jakarta,male,paid,2026-04-22,2026-06-05
20260423-00003478,east_jakarta,male,organic,2026-04-23,2026-06-07
20260424-00003479,east_jakarta,female,organic,2026-04-24,2026-04-24
20260424-00003480,south_jakarta,female,organic,2026-04-24,2026-06-14
20260424-00003481,east_jakarta,female,organic,2026-04-24,2026-06-07
20260425-00003482,north_jakarta,female,paid,2026-04-25,2026-06-19
20260425-00003483,central_jakarta,female,paid,2026-04-25,2026-04-25
20260425-00003484,south_tangerang,male,organic,2026-04-25,2026-04-25
20260425-00003485,west_jakarta,female,organic,2026-04-25,2026-04-25
20260425-00003486,south_jakarta,female,organic,2026-04-25,2026-05-25
20260426-00003487,east_jakarta,male,organic,2026-04-26,2026-04-26
20260426-00003488,west_jakarta,female,organic,2026-04-26,2026-05-10
20260426-00003489,south_jakarta,female,organic,2026-04-26,2026-05-28
20260427-00003490,central_jakarta,male,organic,2026-04-27,2026-06-10
20260427-00003491,east_jakarta,female,paid,2026-04-27,2026-05-21
20260427-00003492,north_jakarta,male,organic,2026-04-27,2026-04-27
20260428-00003493,south_tangerang,female,organic,2026-04-28,2026-06-14
20260429-00003494,tangerang_city,male,organic,2026-04-29,2026-06-18
20260429-00003495,east_jakarta,male,organic,2026-04-29,2026-06-19
20260430-00003496,south_tangerang,male,organic,2026-04-30,2026-05-17
20260430-00003497,central_jakarta,male,organic,2026-04-30,2026-04-30
20260501-00003498,east_jakarta,male,paid,2026-05-01,2026-05-18
20260501-00003499,tangerang_city,male,paid,2026-05-01,2026-05-16
20260502-00003500,central_jakarta,male,paid,2026-05-02,2026-06-06
20260502-00003501,north_jakarta,female,organic,2026-05-02,2026-05-05
20260502-00003502,west_jakarta,female,paid,2026-05-02,2026-05-02
20260502-00003503,tangerang_city,male,organic,2026-05-02,2026-05-02
20260503-00003504,east_jakarta,female,paid,2026-05-03,2026-06-05
20260503-00003505,tangerang_city,female,organic,2026-05-03,2026-06-08
20260503-00003506,tangerang_city,male,organic,2026-05-03,2026-05-03
20260503-00003507,south_jakarta,male,paid,2026-05-03,2026-05-30
20260503-00003508,south_tangerang,female,paid,2026-05-03,2026-06-14
20260503-00003509,south_tangerang,female,organic,2026-05-03,2026-05-03
20260504-00003510,central_jakarta,female,paid,2026-05-04,2026-06-19
20260505-00003511,east_jakarta,male,paid,2026-05-05,2026-05-05
20260506-00003512,north_jakarta,male,paid,2026-05-06,2026-05-28
20260506-00003513,west_jakarta,male,paid,2026-05-06,2026-05-09
20260506-00003514,north_jakarta,male,paid,2026-05-06,2026-05-06
20260507-00003515,south_jakarta,female,paid,2026-05-07,2026-06-07
20260508-00003516,tangerang_city,male,paid,2026-05-08,2026-05-08
20260509-00003517,east_jakarta,female,organic,2026-05-09,2026-06-13
20260509-00003518,south_jakarta,female,organic,2026-05-09,2026-06-06
20260509-00003519,central_jakarta,female,organic,2026-05-09,2026-06-18
20260510-00003520,east_jakarta,male,organic,2026-05-10,2026-05-23
20260510-00003521,south_jakarta,male,organic,2026-05-10,2026-05-10
20260510-00003522,west_jakarta,female,organic,2026-05-10,2026-05-26
20260510-00003523,west_jakarta,female,paid,2026-05-10,2026-05-10
20260510-00003524,east_jakarta,female,organic,2026-05-10,2026-05-23
20260510-00003525,north_jakarta,female,paid,2026-05-10,2026-05-10
20260510-00003526,west_jakarta,male,paid,2026-05-10,2026-06-06
20260510-00003527,south_jakarta,male,organic,2026-05-10,2026-06-06
20260511-00003528,north_jakarta,female,paid,2026-05-11,2026-05-27
20260511-00003529,central_jakarta,male,paid,2026-05-11,2026-06-11
20260511-00003530,central_jakarta,female,organic,2026-05-11,2026-05-17
20260511-00003531,tangerang_city,male,organic,2026-05-11,2026-06-17
20260512-00003532,south_jakarta,male,organic,2026-05-12,2026-05-17
20260512-00003533,north_jakarta,male,organic,2026-05-12,2026-05-23
20260512-00003534,tangerang_city,male,organic,2026-05-12,2026-06-07
20260512-00003535,north_jakarta,female,organic,2026-05-12,2026-05-18
20260512-00003536,west_jakarta,female,paid,2026-05-12,2026-05-12
20260513-00003537,west_jakarta,female,organic,2026-05-13,2026-06-14
20260513-00003538,south_tangerang,male,paid,2026-05-13,2026-05-16
20260513-00003539,south_jakarta,female,paid,2026-05-13,2026-05-13
20260513-00003540,south_jakarta,male,organic,2026-05-13,2026-06-06
20260514-00003541,west_jakarta,female,organic,2026-05-14,2026-06-15
20260514-00003542,south_jakarta,male,organic,2026-05-14,2026-05-14
20260515-00003543,north_jakarta,female,paid,2026-05-15,2026-06-16
20260515-00003544,south_jakarta,male,paid,2026-05-15,2026-06-13
20260515-00003545,east_jakarta,female,paid,2026-05-15,2026-05-22
20260515-00003546,south_jakarta,female,paid,2026-05-15,2026-06-18
20260515-00003547,south_tangerang,female,organic,2026-05-15,2026-05-19
20260516-00003548,tangerang_city,male,organic,2026-05-16,2026-05-18
20260516-00003549,south_tangerang,male,organic,2026-05-16,2026-05-19
20260516-00003550,central_jakarta,male,organic,2026-05-16,2026-06-19
20260516-00003551,west_jakarta,female,organic,2026-05-16,2026-05-18
20260516-00003552,west_jakarta,female,paid,2026-05-16,2026-06-07
20260516-00003553,east_jakarta,male,organic,2026-05-16,2026-06-11
20260517-00003554,central_jakarta,female,organic,2026-05-17,2026-05-17
20260517-00003555,central_jakarta,female,paid,2026-05-17,2026-05-17
20260517-00003556,tangerang_city,female,paid,2026-05-17,2026-05-24
20260517-00003557,north_jakarta,female,paid,2026-05-17,2026-06-17
20260517-00003558,west_jakarta,female,organic,2026-05-17,2026-05-27
20260518-00003559,east_jakarta,male,organic,2026-05-18,2026-05-18
20260519-00003560,west_jakarta,male,organic,2026-05-19,2026-06-17
20260519-00003561,south_jakarta,male,organic,2026-05-19,2026-06-17
20260519-00003562,tangerang_city,female,organic,2026-05-19,2026-05-19
20260519-00003563,west_jakarta,male,paid,2026-05-19,2026-06-17
20260519-00003564,central_jakarta,male,organic,2026-05-19,2026-06-14
20260519-00003565,west_jakarta,male,organic,2026-05-19,2026-06-15
20260520-00003566,central_jakarta,male,paid,2026-05-20,2026-06-16
20260520-00003567,east_jakarta,female,paid,2026-05-20,2026-05-20
20260520-00003568,west_jakarta,female,paid,2026-05-20,2026-06-04
20260521-00003569,east_jakarta,male,paid,2026-05-21,2026-06-02
20260522-00003570,north_jakarta,female,organic,2026-05-22,2026-05-23
20260522-00003571,west_jakarta,female,organic,2026-05-22,2026-05-30
20260523-00003572,north_jakarta,male,paid,2026-05-23,2026-05-30
20260523-00003573,central_jakarta,female,paid,2026-05-23,2026-05-23
20260523-00003574,tangerang_city,female,organic,2026-05-23,2026-06-07
20260523-00003575,tangerang_city,male,organic,2026-05-23,2026-05-25
20260523-00003576,east_jakarta,male,organic,2026-05-23,2026-05-23
20260525-00003577,south_jakarta,male,paid,2026-05-25,2026-06-06
20260525-00003578,west_jakarta,male,organic,2026-05-25,2026-05-25
20260525-00003579,central_jakarta,male,paid,2026-05-25,2026-05-25
20260525-00003580,west_jakarta,male,organic,2026-05-25,2026-05-25
20260525-00003581,central_jakarta,female,organic,2026-05-25,2026-06-18
20260525-00003582,central_jakarta,male,organic,2026-05-25,2026-06-19
20260526-00003583,tangerang_city,female,paid,2026-05-26,2026-06-19
20260526-00003584,central_jakarta,female,organic,2026-05-26,2026-06-12
20260526-00003585,east_jakarta,female,organic,2026-05-26,2026-06-19
20260526-00003586,south_jakarta,male,paid,2026-05-26,2026-06-05
20260526-00003587,east_jakarta,male,paid,2026-05-26,2026-06-06
20260527-00003588,south_tangerang,female,paid,2026-05-27,2026-06-13
20260527-00003589,south_jakarta,male,organic,2026-05-27,2026-05-27
20260527-00003590,west_jakarta,male,organic,2026-05-27,2026-06-02
20260527-00003591,south_jakarta,male,paid,2026-05-27,2026-06-03
20260528-00003592,tangerang_city,female,paid,2026-05-28,2026-05-28
20260528-00003593,central_jakarta,female,paid,2026-05-28,2026-06-19
20260528-00003594,south_jakarta,female,paid,2026-05-28,2026-05-28
20260529-00003595,south_tangerang,female,paid,2026-05-29,2026-06-08
20260529-00003596,west_jakarta,male,paid,2026-05-29,2026-06-01
20260530-00003597,central_jakarta,male,paid,2026-05-30,2026-05-30
20260530-00003598,central_jakarta,male,organic,2026-05-30,2026-05-30
20260530-00003599,tangerang_city,male,organic,2026-05-30,2026-05-30
20260601-00003600,south_jakarta,male,organic,2026-06-01,2026-06-13
20260601-00003601,tangerang_city,female,organic,2026-06-01,2026-06-01
20260601-00003602,south_jakarta,male,paid,2026-06-01,2026-06-01
20260602-00003603,south_tangerang,male,organic,2026-06-02,2026-06-02
20260602-00003604,south_jakarta,female,organic,2026-06-02,2026-06-12
20260602-00003605,tangerang_city,female,organic,2026-06-02,2026-06-08
20260602-00003606,north_jakarta,male,organic,2026-06-02,2026-06-02
20260604-00003607,south_jakarta,male,paid,2026-06-04,2026-06-04
20260604-00003608,central_jakarta,male,organic,2026-06-04,2026-06-04
20260604-00003609,south_tangerang,female,paid,2026-06-04,2026-06-19
20260605-00003610,south_jakarta,female,organic,2026-06-05,2026-06-18
20260605-00003611,south_jakarta,female,paid,2026-06-05,2026-06-05
20260605-00003612,south_jakarta,female,organic,2026-06-05,2026-06-05
20260606-00003613,south_tangerang,female,organic,2026-06-06,2026-06-07
20260606-00003614,north_jakarta,female,paid,2026-06-06,2026-06-06
20260606-00003615,tangerang_city,male,paid,2026-06-06,2026-06-06
20260607-00003616,west_jakarta,male,organic,2026-06-07,2026-06-10
20260607-00003617,central_jakarta,male,paid,2026-06-07,2026-06-19
20260607-00003618,tangerang_city,female,organic,2026-06-07,2026-06-07
20260607-00003619,east_jakarta,female,paid,2026-06-07,2026-06-07
20260607-00003620,west_jakarta,female,organic,2026-06-07,2026-06-07
20260607-00003621,central_jakarta,female,organic,2026-06-07,2026-06-13
20260608-00003622,south_jakarta,female,organic,2026-06-08,2026-06-12
20260608-00003623,east_jakarta,female,paid,2026-06-08,2026-06-08
20260608-00003624,central_jakarta,male,organic,2026-06-08,2026-06-08
20260609-00003625,west_jakarta,male,organic,2026-06-09,2026-06-09
20260609-00003626,east_jakarta,female,paid,2026-06-09,2026-06-13
20260610-00003627,east_jakarta,female,organic,2026-06-10,2026-06-10
20260610-00003628,central_jakarta,male,paid,2026-06-10,2026-06-10
20260611-00003629,west_jakarta,male,paid,2026-06-11,2026-06-11
20260611-00003630,west_jakarta,female,organic,2026-06-11,2026-06-17
20260611-00003631,west_jakarta,male,organic,2026-06-11,2026-06-19
20260612-00003632,east_jakarta,male,organic,2026-06-12,2026-06-12
20260612-00003633,central_jakarta,female,paid,2026-06-12,2026-06-19
20260612-00003634,west_jakarta,male,paid,2026-06-12,2026-06-12
20260613-00003635,north_jakarta,male,paid,2026-06-13,2026-06-13
20260613-00003636,west_jakarta,female,organic,2026-06-13,2026-06-13
20260613-00003637,central_jakarta,male,organic,2026-06-13,2026-06-13
20260614-00003638,south_jakarta,female,organic,2026-06-14,2026-06-14
20260614-00003639,west_jakarta,female,organic,2026-06-14,2026-06-14
20260614-00003640,central_jakarta,female,paid,2026-06-14,2026-06-14
20260614-00003641,tangerang_city,male,organic,2026-06-14,2026-06-14
20260614-00003642,west_jakarta,male,organic,2026-06-14,2026-06-19
20260615-00003643,tangerang_city,male,organic,2026-06-15,2026-06-15
20260615-00003644,central_jakarta,male,organic,2026-06-15,2026-06-15
20260615-00003645,west_jakarta,female,organic,2026-06-15,2026-06-15
20260616-00003646,west_jakarta,male,organic,2026-06-16,2026-06-16
20260616-00003647,south_tangerang,male,organic,2026-06-16,2026-06-16
20260617-00003648,west_jakarta,male,paid,2026-06-17,2026-06-17
20260617-00003649,south_jakarta,female,organic,2026-06-17,2026-06-17
20260617-00003650,central_jakarta,female,paid,2026-06-17,2026-06-17
20260618-00003651,central_jakarta,female,organic,2026-06-18,2026-06-18
20260619-00003652,tangerang_city,male,organic,2026-06-19,2026-06-19
20260619-00003653,south_jakarta,female,paid,2026-06-19,2026-06-19
20260619-00003654,south_jakarta,female,organic,2026-06-19,2026-06-19
